id_year,id,plot_id,observer_id,x,y,year,Lapwing,log_Lapwing,log_Lapwing_lag,Crow,log_Crow,log_Crow_lag,Grasslands_Pastures,Arable_land,dispersion,Precip_winter,Tmin_winter
74667_2001,74667,8485,6877,261.5,416.5,2001,2.97619047619048,1.3803241941333877,NA,0,0,NA,0,18,0.2089784603063355,4.39,-1.57
182504_2001,182504,1178,5666,422.5,383.5,2001,2.23214285714286,1.1731453405306773,NA,1.92307692307692,1.072636802264848,NA,0,100,1.0128642923781062,4.44,-2.47
206051_2001,206051,4233,9673,457.5,480.5,2001,2.23214285714286,1.1731453405306773,0.5562086296138083,0,0,0.6737290947028439,24,4,0.20973124593501058,4.37,-2.53
222810_2001,222810,1325,8706,482.5,489.5,2001,2.97619047619048,1.3803241941333877,1.825892475597513,0,0,0.6737290947028439,0,100,1.2084350616312067,4.41,-2.87
229726_2001,229726,7533,6420,492.5,705.5,2001,4.46428571428571,1.6982334112172308,0,0,0,0,0,99,1.212954286290256,4.63,-1.2
291239_2001,291239,461,9477,584.5,578.5,2001,2.97619047619048,1.3803241941333877,NA,0,0,NA,2,91,0.856091850066703,4.38,-2.57
320405_2001,320405,9821,5999,628.5,264.5,2001,17.1130952380952,2.89663517049371,NA,0,0,NA,0,100,0.9487785255442284,4.72,-2.83
324690_2001,324690,9928,9914,634.5,529.5,2001,4.46428571428571,1.6982334112172308,NA,0,0,NA,6,85,0.8835443236702326,4.22,-2.9
346740_2001,346740,5532,9741,667.5,469.5,2001,3.7202380952381,1.55185924223159,0.5562086296138083,0,0,0,30,17,0.3535810779183427,4.29,-2.7
360677_2001,360677,5783,9243,688.5,336.5,2001,11.9047619047619,2.5575963831562776,NA,0,0,NA,0,100,0.9554529408587579,4.42,-3.17
376012_2001,376012,1740,2823,711.5,261.5,2001,12.6488095238095,2.6136523034546437,NA,0,0,NA,28,39,0.7326436034381534,4.7,-3.1
394330_2001,394330,3432,6531,738.5,489.5,2001,2.97619047619048,1.3803241941333877,1.3803241941333877,0,0,0,5,84,0.3642373940873335,4.36,-3.03
404396_2001,404396,8047,4893,753.5,505.5,2001,2.97619047619048,1.3803241941333877,1.1731453405306773,0,0,0.6737290947028439,11,36,0.8953807841763137,4.41,-2.83
101605_2002,101605,3390,1242,301.5,554.5,2002,2.23214285714286,1.1731453405306773,NA,1.92307692307692,1.072636802264848,NA,11,2,0.5706247935951041,5,-1.47
139632_2002,139632,2597,7812,358.5,391.5,2002,2.23214285714286,1.1731453405306773,0,0,0,0,0,66,0.3725802847550173,4.57,-2.27
161169_2002,161169,6075,8483,390.5,488.5,2002,2.23214285714286,1.1731453405306773,0.5562086296138083,0,0,0,0,100,0.36803491722410925,4.74,-2.23
182504_2002,182504,1178,5666,422.5,383.5,2002,4.46428571428571,1.6982334112172308,1.1731453405306773,3.84615384615385,1.5781853689299967,1.072636802264848,0,100,0.470947346972837,4.65,-2.93
187299_2002,187299,2263,5199,429.5,488.5,2002,5.20833333333333,1.825892475597513,NA,0,0,NA,0,100,0.6239043024005545,4.72,-2.7
211219_2002,211219,9466,4257,465.5,288.5,2002,2.97619047619048,1.3803241941333877,0,0.961538461538462,0.6737290947028439,0,0,95,0.2130816723411523,4.61,-3.67
216322_2002,216322,3570,2021,472.5,701.5,2002,3.7202380952381,1.55185924223159,0,0,0,0,2,60,0.2122227722265391,5.14,-1.83
242280_2002,242280,5095,1473,511.5,529.5,2002,2.97619047619048,1.3803241941333877,0,0,0,0,46,0,0.8418767451494903,4.79,-3.27
291240_2002,291240,8282,9477,584.5,579.5,2002,2.97619047619048,1.3803241941333877,0.5562086296138083,4.80769230769231,1.7591832987934426,1.072636802264848,13,66,0.20982545532672028,4.82,-3.6
313086_2002,313086,8473,2424,617.5,315.5,2002,2.23214285714286,1.1731453405306773,NA,0,0,NA,0,66,0.37491828448971926,4.68,-5.03
346740_2002,346740,5532,9741,667.5,469.5,2002,2.23214285714286,1.1731453405306773,1.55185924223159,0,0,0,9,33,0.36777835820539057,4.68,-4
360677_2002,360677,5783,9243,688.5,336.5,2002,6.69642857142857,2.040756399368598,2.5575963831562776,0,0,0,0,100,0.5661173145952102,4.42,-4.77
366404_2002,366404,960,5845,696.5,703.5,2002,2.23214285714286,1.1731453405306773,0,0,0,0,3,0,0.21356463186717653,4.96,-4.53
387558_2002,387558,1549,5957,728.5,417.5,2002,2.23214285714286,1.1731453405306773,NA,1.92307692307692,1.072636802264848,NA,26,57,0.8683123680182673,4.61,-4.73
394330_2002,394330,3432,6531,738.5,489.5,2002,2.97619047619048,1.3803241941333877,1.3803241941333877,0,0,0,3,88,0.6855327851283148,4.76,-4.5
402970_2002,402970,7493,2541,751.5,419.5,2002,2.23214285714286,1.1731453405306773,0,0,0,0,8,88,0.657658507768707,4.66,-4.9
407050_2002,407050,8217,6226,757.5,479.5,2002,8.18452380952381,2.217519872959902,NA,0,0,NA,0,100,0.7908147917450272,4.84,-4.87
409059_2002,409059,2537,6226,760.5,478.5,2002,2.97619047619048,1.3803241941333877,NA,0,0,NA,0,97,0.21465733845082513,4.86,-4.93
455853_2002,455853,2910,3237,830.5,372.5,2002,4.46428571428571,1.6982334112172308,0,0,0,0,0,85,0.5108843527720387,4.62,-5.03
38725_2003,38725,936,9725,207.5,654.5,2003,2.23214285714286,1.1731453405306773,0,0,0,0,14,7,0.21216545114312224,4.04,-4.47
48137_2003,48137,9054,526,221.5,686.5,2003,5.20833333333333,1.825892475597513,0,4.80769230769231,1.7591832987934426,0.6737290947028439,14,33,0.2900245696113675,4.16,-4.33
95435_2003,95435,5006,9831,292.5,414.5,2003,2.23214285714286,1.1731453405306773,NA,0,0,NA,20,64,0.2115777117732347,4.28,-5.9
101605_2003,101605,3390,1242,301.5,554.5,2003,2.97619047619048,1.3803241941333877,1.1731453405306773,1.92307692307692,1.072636802264848,1.072636802264848,17,2,1.0017569124836547,4.14,-5.67
139028_2003,139028,7305,1265,357.5,457.5,2003,9.67261904761905,2.3676814942018742,0,0,0,0.6737290947028439,0,100,0.2121243209970201,4.08,-6.13
177339_2003,177339,162,5592,414.5,578.5,2003,2.23214285714286,1.1731453405306773,0,0,0,0,31,33,0.5677632389597046,3.99,-6.6
206051_2003,206051,4233,9673,457.5,480.5,2003,2.23214285714286,1.1731453405306773,0,0,0,0,22,19,0.20881126313311937,3.85,-7.17
231410_2003,231410,6263,99,495.5,379.5,2003,2.97619047619048,1.3803241941333877,NA,2.88461538461539,1.3570239788197789,NA,11,76,0.36956289576094775,3.97,-7.37
253368_2003,253368,6835,436,528.5,227.5,2003,2.97619047619048,1.3803241941333877,0,0,0,0,0,100,0.5733483852740164,4.44,-8
257488_2003,257488,9948,4062,534.5,327.5,2003,4.46428571428571,1.6982334112172308,0,0.961538461538462,0.6737290947028439,0,0,69,0.5071291162370875,4.11,-7.73
295655_2003,295655,6243,7637,591.5,304.5,2003,2.97619047619048,1.3803241941333877,NA,0,0,NA,20,49,0.20805822593044945,4.33,-8.33
313086_2003,313086,8473,2424,617.5,315.5,2003,2.97619047619048,1.3803241941333877,1.1731453405306773,0,0,0,1,66,1.1298017056917082,4.3,-8.9
320405_2003,320405,9821,5999,628.5,264.5,2003,10.4166666666667,2.4350742760401274,0,0.961538461538462,0.6737290947028439,0.6737290947028439,0,100,0.9227359534307408,4.28,-8.1
346740_2003,346740,5532,9741,667.5,469.5,2003,2.97619047619048,1.3803241941333877,1.1731453405306773,0,0,0,19,52,0.8527328222686785,3.74,-8.53
360677_2003,360677,5783,9243,688.5,336.5,2003,2.97619047619048,1.3803241941333877,2.040756399368598,0,0,0,0,100,0.7384655953798467,3.89,-8.93
380022_2003,380022,5954,8706,717.5,251.5,2003,3.7202380952381,1.55185924223159,NA,0,0,NA,0,87,0.6236823042007532,4.29,-8.63
386275_2003,386275,6475,6531,726.5,474.5,2003,2.23214285714286,1.1731453405306773,0,0,0,0,1,98,0.3666094730864798,3.87,-9.03
387558_2003,387558,1549,5957,728.5,417.5,2003,10.4166666666667,2.4350742760401274,1.1731453405306773,0,0,1.072636802264848,28,60,0.8365391957446785,3.87,-9.07
394330_2003,394330,3432,6531,738.5,489.5,2003,2.97619047619048,1.3803241941333877,1.3803241941333877,0,0,0,3,88,0.8089020462232548,3.91,-9.2
407050_2003,407050,8217,6226,757.5,479.5,2003,4.46428571428571,1.6982334112172308,2.217519872959902,0,0,0,0,100,0.7515204339026718,4.01,-9.47
455853_2003,455853,2910,3237,830.5,372.5,2003,3.7202380952381,1.55185924223159,1.6982334112172308,0,0,0,0,91,0.21138243322300274,4.17,-9.33
101605_2004,101605,3390,1242,301.5,554.5,2004,4.46428571428571,1.6982334112172308,1.3803241941333877,1.92307692307692,1.072636802264848,1.072636802264848,10,6,1.1664705730660145,4.82,-2.8
211219_2004,211219,9466,4257,465.5,288.5,2004,5.95238095238095,1.9390841839849131,0.9115174531214981,0,0,1.072636802264848,0,95,0.6826357546621815,4.94,-4.23
218529_2004,218529,4383,1190,476.5,228.5,2004,2.97619047619048,1.3803241941333877,NA,0,0,NA,0,100,0.33715667935108645,4.98,-4.43
222810_2004,222810,1325,8706,482.5,489.5,2004,7.44047619047619,2.1330387276888136,0.5562086296138083,0,0,0,0,100,0.885094294043609,4.71,-4.23
229726_2004,229726,7533,6420,492.5,705.5,2004,2.23214285714286,1.1731453405306773,0,0,0,0,0,100,0.21602673688789253,4.92,-2.73
231412_2004,231412,3911,8253,495.5,381.5,2004,4.46428571428571,1.6982334112172308,0,0,0,0,0,100,1.0724389618340995,4.84,-4.1
253368_2004,253368,6835,436,528.5,227.5,2004,2.23214285714286,1.1731453405306773,1.3803241941333877,0,0,0,0,100,0.6492999693557684,5.06,-4.93
253480_2004,253480,7521,2290,528.5,339.5,2004,2.23214285714286,1.1731453405306773,0.9115174531214981,0.961538461538462,0.6737290947028439,0,0,100,0.21162897427452046,4.85,-4.6
293738_2004,293738,5739,553,588.5,397.5,2004,2.23214285714286,1.1731453405306773,0,0,0,0,0,70,0.6440242731368978,4.83,-4.63
295655_2004,295655,6243,7637,591.5,304.5,2004,6.69642857142857,2.040756399368598,1.3803241941333877,0,0,0,6,59,0.5572783231663273,5.02,-4.93
386275_2004,386275,6475,6531,726.5,474.5,2004,2.23214285714286,1.1731453405306773,1.1731453405306773,0,0,0,0,97,0.21174339943853232,4.71,-4.9
387558_2004,387558,1549,5957,728.5,417.5,2004,5.20833333333333,1.825892475597513,2.4350742760401274,1.92307692307692,1.072636802264848,0,41,46,0.7595842075786926,4.65,-5.07
394330_2004,394330,3432,6531,738.5,489.5,2004,2.23214285714286,1.1731453405306773,1.3803241941333877,0,0,0,3,87,0.3759247577564255,4.75,-5
407050_2004,407050,8217,6226,757.5,479.5,2004,4.46428571428571,1.6982334112172308,1.6982334112172308,0,0,0,0,100,0.33953065148587264,4.84,-5.3
414343_2004,414343,7539,2761,768.5,402.5,2004,4.46428571428571,1.6982334112172308,NA,0,0,NA,0,94,0.29657686180755993,4.7,-5.47
101605_2005,101605,3390,1242,301.5,554.5,2005,2.97619047619048,1.3803241941333877,1.6982334112172308,0.961538461538462,0.6737290947028439,1.072636802264848,14,0,1.1242172505694896,4.77,-1.87
168610_2005,168610,1465,676,401.5,559.5,2005,5.20833333333333,1.825892475597513,NA,0,0,NA,0,100,0.8766690258888186,4.62,-2.73
187299_2005,187299,2263,8706,429.5,488.5,2005,2.97619047619048,1.3803241941333877,NA,0,0,NA,0,100,1.453376854115748,4.45,-2.73
216322_2005,216322,3570,4801,472.5,701.5,2005,2.97619047619048,1.3803241941333877,NA,0,0,NA,0,55,0.3687085804441512,4.84,-1.63
218529_2005,218529,4383,1190,476.5,228.5,2005,2.23214285714286,1.1731453405306773,1.3803241941333877,0,0,0,0,100,0.806117308904941,4.78,-4.3
226554_2005,226554,6990,9926,488.5,213.5,2005,4.46428571428571,1.6982334112172308,NA,0,0,NA,27,13,0.57864251772592,4.92,-4.43
282339_2005,282339,5757,553,571.5,388.5,2005,2.23214285714286,1.1731453405306773,0,0.961538461538462,0.6737290947028439,0,41,59,0.8478799398664169,4.47,-4.1
291239_2005,291239,461,9477,584.5,578.5,2005,2.97619047619048,1.3803241941333877,NA,0,0,NA,0,98,0.33264460245197364,4.47,-3.23
291240_2005,291240,8282,5148,584.5,579.5,2005,2.23214285714286,1.1731453405306773,NA,0,0,NA,2,94,0.21171603098599762,4.47,-3.23
292671_2005,292671,3137,8343,586.5,670.5,2005,2.23214285714286,1.1731453405306773,0.5562086296138083,0,0,0,3,61,0.21198968423820125,4.83,-3.17
313086_2005,313086,8473,2424,617.5,315.5,2005,2.97619047619048,1.3803241941333877,0.9115174531214981,0,0,0,2,63,0.7388180729963597,4.78,-4.83
328608_2005,328608,9910,1216,640.5,427.5,2005,2.97619047619048,1.3803241941333877,NA,4.80769230769231,1.7591832987934426,NA,6,1,0.3417645281880047,4.44,-3.53
360677_2005,360677,5783,9243,688.5,336.5,2005,2.97619047619048,1.3803241941333877,0.9115174531214981,0,0,0,0,100,0.8160391912396964,4.38,-4.37
372207_2005,372207,8994,1372,705.5,476.5,2005,2.23214285714286,1.1731453405306773,NA,0,0,NA,17,75,0.21256691964397129,4.39,-3.8
404396_2005,404396,8047,4893,753.5,505.5,2005,2.97619047619048,1.3803241941333877,0,0,0,0,12,40,0.47726746356365574,4.56,-3.67
414343_2005,414343,7539,2761,768.5,402.5,2005,4.46428571428571,1.6982334112172308,1.6982334112172308,0,0,0,0,94,0.855581284362023,4.48,-4.47
443105_2005,443105,8769,9156,811.5,354.5,2005,2.97619047619048,1.3803241941333877,NA,0.961538461538462,0.6737290947028439,NA,0,100,0.7441720443380743,4.55,-4.73
445762_2005,445762,3188,6357,815.5,331.5,2005,4.46428571428571,1.6982334112172308,NA,0,0,NA,0,86,0.7928535437967275,4.62,-4.83
445891_2005,445891,450,2761,815.5,460.5,2005,2.97619047619048,1.3803241941333877,0,5.76923076923077,1.91238745701667,1.3570239788197789,2,94,0.21069409814819287,4.51,-4.47
42511_2006,42511,7543,2900,213.5,420.5,2006,2.23214285714286,1.1731453405306773,0,0,0,0,10,0,0.8031663702949999,4.91,-4.23
101605_2006,101605,3390,1242,301.5,554.5,2006,2.23214285714286,1.1731453405306773,1.3803241941333877,0.961538461538462,0.6737290947028439,0.6737290947028439,18,6,0.3680094687586518,4.77,-4.73
185088_2006,185088,9358,5161,426.5,287.5,2006,2.97619047619048,1.3803241941333877,0,0.961538461538462,0.6737290947028439,0.6737290947028439,0,90,0.21137390422785038,5,-6.17
195133_2006,195133,799,6438,441.5,282.5,2006,4.46428571428571,1.6982334112172308,NA,0,0,NA,2,98,0.8356629963319564,5.03,-6.37
196427_2006,196427,7537,6990,443.5,236.5,2006,2.23214285714286,1.1731453405306773,0.5562086296138083,0,0,0,0,94,0.2100727915694983,4.91,-6.47
205813_2006,205813,9839,5191,457.5,242.5,2006,2.23214285714286,1.1731453405306773,0.5562086296138083,0,0,0,0,0,0.8499699380583309,5.03,-6.7
221265_2006,221265,3459,58,480.5,284.5,2006,2.23214285714286,1.1731453405306773,0,0,0,0,3,63,0.2127653137889753,5.09,-7.17
222810_2006,222810,1325,8706,482.5,489.5,2006,4.46428571428571,1.6982334112172308,0.9115174531214981,0.961538461538462,0.6737290947028439,0.6737290947028439,0,100,0.9770881338027129,4.91,-6.73
226554_2006,226554,6990,9926,488.5,213.5,2006,2.97619047619048,1.3803241941333877,1.6982334112172308,0,0,0,12,10,0.7386052163475224,5.22,-7.13
231410_2006,231410,6263,8253,495.5,379.5,2006,2.97619047619048,1.3803241941333877,0.9115174531214981,0.961538461538462,0.6737290947028439,1.5781853689299967,0,76,0.6403216538532152,5.01,-6.73
238870_2006,238870,5613,6134,506.5,469.5,2006,2.97619047619048,1.3803241941333877,0,0,0,0,1,95,0.32924998133415856,4.91,-7.07
239361_2006,239361,3359,436,507.5,290.5,2006,4.46428571428571,1.6982334112172308,0.5562086296138083,0,0,0,2,0,0.7073070676179065,5.09,-7.47
311108_2006,311108,7018,3793,614.5,347.5,2006,2.97619047619048,1.3803241941333877,0.9115174531214981,0.961538461538462,0.6737290947028439,0.6737290947028439,0,0,0.6910906070807159,5.13,-7.67
313086_2006,313086,8473,2424,617.5,315.5,2006,3.7202380952381,1.55185924223159,1.3803241941333877,0,0,0,2,63,0.6807289426566974,5.08,-7.93
320405_2006,320405,9821,5999,628.5,264.5,2006,3.7202380952381,1.55185924223159,0.5562086296138083,0,0,0,0,100,1.1489609499572861,4.92,-7.2
328608_2006,328608,9910,1216,640.5,427.5,2006,2.97619047619048,1.3803241941333877,1.3803241941333877,1.92307692307692,1.072636802264848,1.7591832987934426,15,1,0.5624531266560231,4.84,-7.17
346740_2006,346740,5532,9741,667.5,469.5,2006,2.97619047619048,1.3803241941333877,0,0,0,0.6737290947028439,12,50,0.33225603864722847,4.68,-7.13
348771_2006,348771,9552,1216,670.5,490.5,2006,3.7202380952381,1.55185924223159,0.5562086296138083,2.88461538461539,1.3570239788197789,1.7591832987934426,4,90,0.963408467245327,4.65,-7.2
360677_2006,360677,5783,9243,688.5,336.5,2006,2.97619047619048,1.3803241941333877,1.3803241941333877,0,0,0,0,100,0.7426303503658297,4.64,-7.73
377031_2006,377031,8898,3729,712.5,610.5,2006,5.95238095238095,1.9390841839849131,NA,0,0,NA,3,87,0.9489427696286931,4.45,-7.83
394330_2006,394330,3432,6531,738.5,489.5,2006,3.7202380952381,1.55185924223159,0,0,0,0,3,87,0.7211233824947858,4.69,-7.57
414343_2006,414343,7539,2761,768.5,402.5,2006,3.7202380952381,1.55185924223159,1.6982334112172308,0,0,0,0,94,0.6160419209139223,4.65,-7.97
431329_2006,431329,6052,2426,793.5,638.5,2006,3.7202380952381,1.55185924223159,NA,0.961538461538462,0.6737290947028439,NA,4,91,0.8939732998836757,4.52,-7.87
439727_2006,439727,3690,6357,806.5,326.5,2006,2.97619047619048,1.3803241941333877,0,0,0,0,0,100,0.9564993453567368,4.68,-8.03
443105_2006,443105,8769,9156,811.5,354.5,2006,6.69642857142857,2.040756399368598,1.3803241941333877,0,0,0.6737290947028439,0,100,0.4321127432662435,4.65,-8.03
445762_2006,445762,3188,6357,815.5,331.5,2006,5.20833333333333,1.825892475597513,1.6982334112172308,0,0,0,0,86,0.8416167115026937,4.71,-8.2
445891_2006,445891,450,2761,815.5,460.5,2006,2.23214285714286,1.1731453405306773,1.3803241941333877,0,0,1.91238745701667,10,82,0.3777205391705693,4.64,-8.1
145741_2007,145741,3140,5685,367.5,470.5,2007,2.23214285714286,1.1731453405306773,0.9115174531214981,0,0,1.072636802264848,12,88,0.8667897634497531,4.87,0.87
167751_2007,167751,5298,9903,400.5,370.5,2007,2.23214285714286,1.1731453405306773,NA,0,0,NA,0,94,0.3706870517446502,4.9,0.17
185088_2007,185088,9358,5161,426.5,287.5,2007,5.20833333333333,1.825892475597513,1.3803241941333877,0,0,0.6737290947028439,0,93,0.5471351218102803,4.83,0.47
201143_2007,201143,1232,9926,450.5,262.5,2007,2.23214285714286,1.1731453405306773,0,0.961538461538462,0.6737290947028439,0.6737290947028439,0,0,0.21447895453126045,4.78,0.33
231410_2007,231410,6263,99,495.5,379.5,2007,4.46428571428571,1.6982334112172308,1.3803241941333877,0,0,0.6737290947028439,0,76,0.9742770233435143,4.91,-0.1
239361_2007,239361,3359,436,507.5,290.5,2007,2.23214285714286,1.1731453405306773,1.6982334112172308,0,0,0,2,0,0.21350662374768656,4.95,-0.77
241685_2007,241685,488,3037,510.5,604.5,2007,2.23214285714286,1.1731453405306773,NA,0,0,NA,0,100,0.20478663166329159,4.96,-0.7
272133_2007,272133,9912,6017,556.5,232.5,2007,3.7202380952381,1.55185924223159,0,0,0,0,0,56,0.7419120387790601,4.98,-0.77
276769_2007,276769,9017,296,563.5,178.5,2007,2.97619047619048,1.3803241941333877,NA,0,0,NA,22,11,0.9414647181348612,5.31,-3.47
328608_2007,328608,9910,1216,640.5,427.5,2007,2.23214285714286,1.1731453405306773,1.3803241941333877,6.73076923076923,2.0452083700375936,1.072636802264848,15,0,1.2414693510458734,4.82,-0.8
377031_2007,377031,8898,3729,712.5,610.5,2007,4.46428571428571,1.6982334112172308,1.9390841839849131,0,0,0,3,87,0.7417433023335757,4.86,-2.43
431329_2007,431329,6052,2426,793.5,638.5,2007,2.23214285714286,1.1731453405306773,1.55185924223159,0,0,0.6737290947028439,7,91,0.20844103444017953,5,-2.6
439727_2007,439727,3690,6357,806.5,326.5,2007,2.23214285714286,1.1731453405306773,1.3803241941333877,0,0,0,0,100,0.6548490190236632,4.76,-2
443105_2007,443105,8769,9156,811.5,354.5,2007,5.20833333333333,1.825892475597513,2.040756399368598,0,0,0,0,100,0.5352393662971314,4.76,-2.07
445762_2007,445762,3188,6357,815.5,331.5,2007,5.20833333333333,1.825892475597513,1.825892475597513,0,0,0,0,86,0.9694547855734907,4.78,-2.17
445891_2007,445891,450,2761,815.5,460.5,2007,2.97619047619048,1.3803241941333877,1.1731453405306773,0,0,0,7,88,0.211247130266738,4.83,-2.47
68147_2008,68147,7246,9725,251.5,596.5,2008,2.97619047619048,1.3803241941333877,NA,0,0,NA,0,50,0.20707544339941122,4.86,0.23
80961_2008,80961,5923,9725,270.5,680.5,2008,2.97619047619048,1.3803241941333877,0,0,0,0,11,52,0.21293286503999873,5,0.6
101605_2008,101605,3390,1242,301.5,554.5,2008,2.23214285714286,1.1731453405306773,0,7.69230769230769,2.1624384612508036,1.3570239788197789,21,0,0.6500194257108554,4.76,0.17
139632_2008,139632,2597,9903,358.5,391.5,2008,3.7202380952381,1.55185924223159,0.9115174531214981,0.961538461538462,0.6737290947028439,0,0,74,0.3558491962573526,4.5,-0.53
145053_2008,145053,9637,7452,366.5,452.5,2008,2.97619047619048,1.3803241941333877,0,0,0,0,0,42,0.8421227496324877,4.56,-0.23
145741_2008,145741,3140,5685,367.5,470.5,2008,2.97619047619048,1.3803241941333877,1.1731453405306773,0,0,0,12,88,0.73558797398167,4.58,-0.2
209961_2008,209961,4117,7684,463.5,370.5,2008,2.97619047619048,1.3803241941333877,0,0,0,0,0,100,0.21189703224991635,4.57,-1.1
221609_2008,221609,1424,393,480.5,628.5,2008,2.23214285714286,1.1731453405306773,0.9115174531214981,0.961538461538462,0.6737290947028439,0,15,65,0.21590233511209053,4.58,-0.27
221989_2008,221989,5388,8627,481.5,338.5,2008,2.23214285714286,1.1731453405306773,0,0,0,0,0,100,0.21486137012891776,4.48,-1.47
226804_2008,226804,1421,2775,488.5,463.5,2008,2.97619047619048,1.3803241941333877,0,0,0,0,0,100,0.3357232403022939,4.57,-1.33
239361_2008,239361,3359,628,507.5,290.5,2008,2.97619047619048,1.3803241941333877,1.1731453405306773,0.961538461538462,0.6737290947028439,0,2,0,1.0017526838938642,4.39,-2.23
241685_2008,241685,488,3037,510.5,604.5,2008,2.97619047619048,1.3803241941333877,1.1731453405306773,0,0,0,0,100,0.3639961289089094,4.64,-0.8
249554_2008,249554,5062,815,522.5,433.5,2008,2.97619047619048,1.3803241941333877,0,0,0,0,7,80,0.2104127373083059,4.58,-1.73
250865_2008,250865,6520,4358,524.5,404.5,2008,2.97619047619048,1.3803241941333877,NA,0,0,NA,24,15,0.3355728794079083,4.52,-1.83
276769_2008,276769,9017,296,563.5,178.5,2008,2.97619047619048,1.3803241941333877,1.3803241941333877,0,0,0,18,14,0.36362246332392395,4.7,-5.47
313086_2008,313086,8473,2424,617.5,315.5,2008,3.7202380952381,1.55185924223159,0.5562086296138083,0,0,0,5,61,1.0656378280869876,4.43,-2.83
349501_2008,349501,9835,3665,671.5,550.5,2008,2.23214285714286,1.1731453405306773,NA,0.961538461538462,0.6737290947028439,NA,17,50,0.37150648847389056,4.47,-1.83
351251_2008,351251,4224,4400,674.5,290.5,2008,3.7202380952381,1.55185924223159,2.040756399368598,0.961538461538462,0.6737290947028439,0,7,93,0.6761944166846859,4.11,-2.3
360677_2008,360677,5783,9243,688.5,336.5,2008,2.97619047619048,1.3803241941333877,0.9115174531214981,0,0,0,0,100,0.925982697834893,4.17,-2.53
378991_2008,378991,8867,8714,715.5,560.5,2008,7.44047619047619,2.1330387276888136,NA,0,0,NA,0,98,0.7662779311331401,4.5,-2.03
408215_2008,408215,9178,4327,759.5,304.5,2008,3.7202380952381,1.55185924223159,0,0,0,0,35,25,0.35500784519097345,4.22,-2.8
431329_2008,431329,6052,2426,793.5,638.5,2008,2.23214285714286,1.1731453405306773,1.1731453405306773,0.961538461538462,0.6737290947028439,0,7,91,0.36992348345136183,4.62,-1.9
433813_2008,433813,6332,5770,797.5,442.5,2008,2.23214285714286,1.1731453405306773,0,0,0,0,4,87,0.21285270508665974,4.5,-2.7
439727_2008,439727,3690,9816,806.5,326.5,2008,4.46428571428571,1.6982334112172308,1.1731453405306773,0,0,0,0,100,0.9037121613525494,4.34,-3.13
445762_2008,445762,3188,9816,815.5,331.5,2008,3.7202380952381,1.55185924223159,1.825892475597513,0,0,0,0,86,0.9583480525066042,4.38,-3.33
445891_2008,445891,450,2761,815.5,460.5,2008,5.20833333333333,1.825892475597513,1.3803241941333877,0,0,0,8,88,0.5344898665242054,4.51,-2.63
34664_2009,34664,8676,4050,201.5,613.5,2009,2.97619047619048,1.3803241941333877,0,1.92307692307692,1.072636802264848,0,45,7,0.21237573373788912,4.42,-2.27
150981_2009,150981,5385,3990,375.5,350.5,2009,2.97619047619048,1.3803241941333877,NA,0,0,NA,1,81,0.2164235315820679,4.48,-2.93
179053_2009,179053,5718,436,417.5,282.5,2009,3.7202380952381,1.55185924223159,0.9115174531214981,0,0,0,0,100,0.35171285584809586,4.66,-3.13
239361_2009,239361,3359,628,507.5,290.5,2009,2.97619047619048,1.3803241941333877,1.3803241941333877,0,0,0.6737290947028439,7,0,0.33618469666355105,4.8,-4.07
245726_2009,245726,1272,9050,516.5,625.5,2009,2.23214285714286,1.1731453405306773,0,0,0,0,0,100,0.21004473992167758,4.28,-3.43
250865_2009,250865,6520,4358,524.5,404.5,2009,2.23214285714286,1.1731453405306773,1.3803241941333877,0,0,0,8,12,0.20502212558779273,4.41,-4
257859_2009,257859,5642,2020,534.5,698.5,2009,2.23214285714286,1.1731453405306773,0,0,0,0,41,21,1.01159115197453,4.56,-3.03
276769_2009,276769,9017,296,563.5,178.5,2009,8.18452380952381,2.217519872959902,1.3803241941333877,4.80769230769231,1.7591832987934426,0,20,12,0.8124175205028976,5.24,-6.67
291239_2009,291239,461,5148,584.5,578.5,2009,3.7202380952381,1.55185924223159,0.5562086296138083,2.88461538461539,1.3570239788197789,0,0,98,0.946508656419738,4.26,-3.63
292671_2009,292671,3137,8343,586.5,670.5,2009,2.97619047619048,1.3803241941333877,0,0.961538461538462,0.6737290947028439,0,20,44,0.9472442123142114,4.56,-3.53
310056_2009,310056,3745,8054,612.5,635.5,2009,2.23214285714286,1.1731453405306773,0,0,0,0,16,0,0.2100762224392763,4.39,-3.87
320405_2009,320405,9821,5999,628.5,264.5,2009,2.97619047619048,1.3803241941333877,0.9115174531214981,0,0,0,0,100,0.7441667796591387,4.74,-3.7
338631_2009,338631,8981,5330,655.5,400.5,2009,2.23214285714286,1.1731453405306773,0,1.92307692307692,1.072636802264848,0.6737290947028439,52,10,1.0274641279379488,4.48,-3.53
360677_2009,360677,5783,9243,688.5,336.5,2009,3.7202380952381,1.55185924223159,1.3803241941333877,0,0,0,0,100,0.8117065495632289,4.41,-4.17
366404_2009,366404,960,5845,696.5,703.5,2009,4.46428571428571,1.6982334112172308,0,0,0,0,18,0,0.21055683087929908,4.58,-4.1
389619_2009,389619,1038,7568,731.5,468.5,2009,4.46428571428571,1.6982334112172308,0,0,0,0,0,100,0.3515832207940577,4.41,-3.97
392983_2009,392983,2835,4292,736.5,482.5,2009,2.23214285714286,1.1731453405306773,0,0,0,0,0,93,0.2042499770399724,4.43,-4
393809_2009,393809,3660,1018,737.5,638.5,2009,2.97619047619048,1.3803241941333877,0.9115174531214981,0,0,0,92,0,0.3375957219031069,4.45,-4.1
412979_2009,412979,7166,8671,766.5,378.5,2009,3.7202380952381,1.55185924223159,0,0,0,0,0,100,0.21154560024913255,4.45,-4.5
431329_2009,431329,6052,2426,793.5,638.5,2009,3.7202380952381,1.55185924223159,1.1731453405306773,0,0,0.6737290947028439,7,91,0.6080292705013307,4.58,-4.27
439727_2009,439727,3690,9816,806.5,326.5,2009,5.20833333333333,1.825892475597513,1.6982334112172308,0,0,0,0,100,1.0192979915675537,4.57,-4.47
445891_2009,445891,450,2761,815.5,460.5,2009,5.20833333333333,1.825892475597513,1.825892475597513,0.961538461538462,0.6737290947028439,0,4,93,0.2864425759813008,4.41,-4.5
463178_2009,463178,7595,5049,841.5,327.5,2009,5.95238095238095,1.9390841839849131,1.3803241941333877,NA,NA,NA,0,70,0.7356849419099839,4.64,-4.27
78232_2010,78232,9441,4050,266.5,631.5,2010,2.23214285714286,1.1731453405306773,0,0,0,0,0,0,0.2154217228278857,4.71,-5.17
101605_2010,101605,3390,1242,301.5,554.5,2010,3.7202380952381,1.55185924223159,0,1.92307692307692,1.072636802264848,1.072636802264848,33,0,0.635011780778214,4.52,-5.2
148936_2010,148936,9030,9413,372.5,315.5,2010,17.8571428571429,2.93689177353106,1.3803241941333877,0,0,0,0,100,0.8639056182726496,4.56,-4.93
163033_2010,163033,3311,2265,393.5,342.5,2010,2.23214285714286,1.1731453405306773,NA,0,0,NA,17,35,0.21096290122005446,4.6,-4.97
195133_2010,195133,799,6438,441.5,282.5,2010,5.95238095238095,1.9390841839849131,0,0,0,0,2,98,0.7517549805764357,4.73,-4.97
216329_2010,216329,965,1124,472.5,708.5,2010,5.95238095238095,1.9390841839849131,NA,0,0,NA,0,100,0.2132787230553363,4.48,-5.53
226804_2010,226804,1421,2775,488.5,463.5,2010,3.7202380952381,1.55185924223159,0,0,0,0,0,100,0.7325096210279718,4.47,-6.33
230403_2010,230403,5041,8684,493.5,712.5,2010,6.69642857142857,2.040756399368598,0,0,0,0,0,100,0.3428587798570942,4.45,-5.27
255376_2010,255376,8218,7917,531.5,225.5,2010,2.23214285714286,1.1731453405306773,0,0.961538461538462,0.6737290947028439,1.072636802264848,4,83,0.21218489137534022,4.94,-5.53
270880_2010,270880,3392,144,554.5,319.5,2010,2.23214285714286,1.1731453405306773,0.9115174531214981,0,0,0,4,0,0.9439217727447884,4.8,-5.9
276769_2010,276769,9017,296,563.5,178.5,2010,4.46428571428571,1.6982334112172308,2.217519872959902,0.961538461538462,0.6737290947028439,1.7591832987934426,22,14,0.8106695912845285,5.24,-7.9
291240_2010,291240,8282,9477,584.5,579.5,2010,4.46428571428571,1.6982334112172308,0,0,0,0,8,83,0.21115940767838312,4.43,-6.8
292671_2010,292671,3137,8343,586.5,670.5,2010,2.23214285714286,1.1731453405306773,1.3803241941333877,0,0,0.6737290947028439,21,44,1.2300356125886645,4.66,-7.2
296576_2010,296576,8983,4407,592.5,555.5,2010,2.23214285714286,1.1731453405306773,0,0,0,0.6737290947028439,7,0,0.8060521901607601,4.45,-6.83
306997_2010,306997,2230,8423,608.5,256.5,2010,2.97619047619048,1.3803241941333877,NA,0,0,NA,0,100,0.6385439859826051,4.88,-5.47
310056_2010,310056,3745,8054,612.5,635.5,2010,2.97619047619048,1.3803241941333877,1.1731453405306773,0,0,0,16,0,1.0004621577666992,4.51,-7.4
320405_2010,320405,9821,5999,628.5,264.5,2010,7.44047619047619,2.1330387276888136,1.3803241941333877,1.92307692307692,1.072636802264848,0,0,100,1.1683191838765499,4.8,-5.43
324444_2010,324444,2676,2548,634.5,283.5,2010,3.7202380952381,1.55185924223159,0,0,0,0,0,48,0.31143373291002463,4.86,-5.9
338631_2010,338631,8981,5330,655.5,400.5,2010,4.46428571428571,1.6982334112172308,1.1731453405306773,2.88461538461539,1.3570239788197789,1.072636802264848,52,10,0.3380157161796534,4.7,-6.13
348771_2010,348771,9552,1216,670.5,490.5,2010,2.23214285714286,1.1731453405306773,0.5562086296138083,0.961538461538462,0.6737290947028439,1.3570239788197789,0,91,1.1476167585965154,4.6,-7
377031_2010,377031,8898,3729,712.5,610.5,2010,3.7202380952381,1.55185924223159,0.9115174531214981,1.92307692307692,1.072636802264848,0,1,90,0.7302865645842807,4.56,-8.03
380022_2010,380022,5954,217,717.5,251.5,2010,2.97619047619048,1.3803241941333877,0,0,0,0,0,79,0.20857354607222964,4.81,-5.73
389619_2010,389619,1038,7568,731.5,468.5,2010,6.69642857142857,2.040756399368598,1.6982334112172308,0,0,0,0,100,0.7017409447441667,4.76,-7.23
414343_2010,414343,7539,2761,768.5,402.5,2010,2.23214285714286,1.1731453405306773,0.9115174531214981,0,0,0,8,86,0.9480301836384367,4.77,-7.2
445891_2010,445891,450,2761,815.5,460.5,2010,2.97619047619048,1.3803241941333877,1.825892475597513,0.961538461538462,0.6737290947028439,0.6737290947028439,4,93,0.7906992822197594,4.84,-7.87
449150_2010,449150,8230,812,820.5,369.5,2010,3.7202380952381,1.55185924223159,1.6982334112172308,0,0,0.6737290947028439,0,100,0.9121202498076326,4.84,-7
463178_2010,463178,7595,5049,841.5,327.5,2010,4.46428571428571,1.6982334112172308,1.9390841839849131,0,0,NA,0,70,0.8238835137696632,4.96,-6.9
465203_2010,465203,2142,4327,844.5,342.5,2010,2.97619047619048,1.3803241941333877,0,0,0,0,0,100,0.20987799401054663,4.96,-7.17
37212_2011,37212,3945,878,205.5,481.5,2011,2.97619047619048,1.3803241941333877,NA,0.961538461538462,0.6737290947028439,NA,10,55,0.8928451711250346,4.7,-4.3
45244_2011,45244,1313,4344,217.5,473.5,2011,2.23214285714286,1.1731453405306773,0,1.92307692307692,1.072636802264848,0.6737290947028439,36,0,0.5719920089782127,4.74,-4.4
101605_2011,101605,3390,1242,301.5,554.5,2011,2.23214285714286,1.1731453405306773,1.55185924223159,0.961538461538462,0.6737290947028439,1.072636802264848,33,0,0.6457262409417455,4.72,-5.07
148936_2011,148936,9030,9413,372.5,315.5,2011,5.95238095238095,1.9390841839849131,2.93689177353106,0,0,0,0,100,0.8200461935543523,4.34,-5.3
165103_2011,165103,8109,7883,396.5,402.5,2011,2.23214285714286,1.1731453405306773,0,0,0,0,58,3,0.20769474002630145,4.5,-5.23
177339_2011,177339,162,5592,414.5,578.5,2011,2.23214285714286,1.1731453405306773,0,0,0,0,31,33,0.21309333754461623,4.65,-5.7
195133_2011,195133,799,6438,441.5,282.5,2011,2.97619047619048,1.3803241941333877,1.9390841839849131,0,0,0,2,98,0.37018721362206386,4.44,-5.43
195415_2011,195415,6431,8109,441.5,564.5,2011,2.97619047619048,1.3803241941333877,0.5562086296138083,0,0,0,8,62,0.363811545304457,4.63,-6.1
216329_2011,216329,965,1124,472.5,708.5,2011,3.7202380952381,1.55185924223159,1.9390841839849131,0,0,0,0,100,0.6269301586649884,4.91,-5.37
226554_2011,226554,6990,9926,488.5,213.5,2011,4.46428571428571,1.6982334112172308,0.9115174531214981,0,0,0,0,10,0.21000339206535873,4.6,-5.93
231410_2011,231410,6263,99,495.5,379.5,2011,4.46428571428571,1.6982334112172308,0.5562086296138083,0,0,0,2,74,0.2939229644208932,4.5,-5.93
239361_2011,239361,3359,628,507.5,290.5,2011,2.23214285714286,1.1731453405306773,0.5562086296138083,0,0,0,2,5,0.21173371886256637,4.53,-6.43
242088_2011,242088,784,3926,511.5,337.5,2011,2.23214285714286,1.1731453405306773,NA,0,0,NA,0,96,0.650684745334988,4.45,-6
250034_2011,250034,6869,8240,523.5,243.5,2011,2.23214285714286,1.1731453405306773,0,0,0,0,4,14,0.6599362593329312,4.49,-6.07
257488_2011,257488,9948,4062,534.5,327.5,2011,5.20833333333333,1.825892475597513,0.9115174531214981,0,0,0,0,46,0.5991835823746291,4.48,-6.17
257859_2011,257859,5642,2020,534.5,698.5,2011,2.23214285714286,1.1731453405306773,0.9115174531214981,0,0,0,20,13,0.20982192017415657,5.04,-6.47
270880_2011,270880,3392,144,554.5,319.5,2011,5.20833333333333,1.825892475597513,1.1731453405306773,0,0,0,4,0,0.28775458893111017,4.52,-6.27
271022_2011,271022,5338,5254,554.5,461.5,2011,3.7202380952381,1.55185924223159,0.5562086296138083,0,0,0,2,95,0.31170734543462136,4.52,-6.63
272133_2011,272133,9912,6017,556.5,232.5,2011,3.7202380952381,1.55185924223159,0,0,0,0,0,49,0.2128702192921178,4.51,-6.23
276769_2011,276769,9017,296,563.5,178.5,2011,4.46428571428571,1.6982334112172308,1.6982334112172308,NA,NA,NA,14,20,1.0180736029272919,4.78,-8.9
291329_2011,291329,5876,8343,584.5,668.5,2011,3.7202380952381,1.55185924223159,0.9115174531214981,0.961538461538462,0.6737290947028439,0,0,29,0.8817255511444845,4.99,-7.03
292671_2011,292671,3137,8343,586.5,670.5,2011,4.46428571428571,1.6982334112172308,1.1731453405306773,0,0,0,17,47,0.8362926713622016,5,-7.07
293171_2011,293171,329,7419,587.5,500.5,2011,7.44047619047619,2.1330387276888136,0,1.92307692307692,1.072636802264848,0,19,0,0.42379079853231855,4.5,-6.53
293738_2011,293738,5739,553,588.5,397.5,2011,3.7202380952381,1.55185924223159,0.9115174531214981,0,0,0,12,58,0.8972159817917327,4.53,-6.6
306341_2011,306341,9392,8423,607.5,270.5,2011,2.97619047619048,1.3803241941333877,0,0,0,0,0,86,0.36889141416477167,4.57,-6.23
320405_2011,320405,9821,5999,628.5,264.5,2011,8.92857142857143,2.2954166035154335,2.1330387276888136,0.961538461538462,0.6737290947028439,1.072636802264848,0,100,0.6050433161017397,4.48,-5.97
339241_2011,339241,456,8644,656.5,340.5,2011,2.23214285714286,1.1731453405306773,0.9115174531214981,0,0,0,0,100,0.6510883565392345,4.53,-6.4
351251_2011,351251,4224,4400,674.5,290.5,2011,8.92857142857143,2.2954166035154335,0.9115174531214981,2.88461538461539,1.3570239788197789,0,2,92,0.9363830201070142,4.39,-5.97
360677_2011,360677,5783,9243,688.5,336.5,2011,2.23214285714286,1.1731453405306773,0.9115174531214981,0,0,0,0,100,1.3863172575995055,4.38,-6.57
389619_2011,389619,1038,7568,731.5,468.5,2011,3.7202380952381,1.55185924223159,2.040756399368598,0,0,0,0,100,0.9205972156690251,4.62,-6.87
414343_2011,414343,7539,2761,768.5,402.5,2011,3.7202380952381,1.55185924223159,1.1731453405306773,0,0,0,0,86,0.7968241066687551,4.62,-6.97
435103_2011,435103,2160,1090,799.5,392.5,2011,2.23214285714286,1.1731453405306773,1.3803241941333877,0,0,NA,0,85,0.6622254759593478,4.64,-6.87
445891_2011,445891,450,2761,815.5,460.5,2011,14.1369047619048,2.717135786018863,1.3803241941333877,0,0,0.6737290947028439,4,93,0.6626872731533845,4.68,-7.47
37212_2012,37212,3945,878,205.5,481.5,2012,2.97619047619048,1.3803241941333877,1.3803241941333877,6.73076923076923,2.0452083700375936,0.6737290947028439,8,57,1.0727063883211296,5.1,-1.77
48137_2012,48137,9054,526,221.5,686.5,2012,4.46428571428571,1.6982334112172308,0,0,0,0,25,24,0.33923454240776557,5.19,-1.27
48730_2012,48730,4322,4050,222.5,609.5,2012,12.6488095238095,2.6136523034546437,NA,0,0,NA,14,58,0.9707998867484261,5.1,-1.8
91015_2012,91015,5709,7514,285.5,684.5,2012,3.7202380952381,1.55185924223159,0,0,0,0,0,94,0.7481559632272794,5.39,-1.77
101605_2012,101605,3390,1242,301.5,554.5,2012,4.46428571428571,1.6982334112172308,1.1731453405306773,1.92307692307692,1.072636802264848,0.6737290947028439,16,0,0.8521917464418608,5.11,-2.37
165103_2012,165103,8109,7883,396.5,402.5,2012,2.97619047619048,1.3803241941333877,1.1731453405306773,0,0,0,30,36,0.36372919296152023,4.83,-3.2
185779_2012,185779,6186,7560,427.5,308.5,2012,2.23214285714286,1.1731453405306773,0.5562086296138083,0,0,0,8,28,0.21016972438315315,4.85,-3.6
195415_2012,195415,6431,8109,441.5,564.5,2012,8.18452380952381,2.217519872959902,1.3803241941333877,0,0,0,0,66,0.848338945474765,4.86,-3.7
218529_2012,218529,4383,1190,476.5,228.5,2012,2.97619047619048,1.3803241941333877,0,0,0,0,0,100,0.6930623998286134,4.8,-4.7
222810_2012,222810,1325,8706,482.5,489.5,2012,5.20833333333333,1.825892475597513,NA,0,0,NA,0,100,0.8122665468201508,4.79,-4.33
226554_2012,226554,6990,9926,488.5,213.5,2012,2.97619047619048,1.3803241941333877,1.6982334112172308,0,0,0,0,13,0.21060909758600793,4.91,-4.87
230403_2012,230403,5041,8684,493.5,712.5,2012,2.97619047619048,1.3803241941333877,0.5562086296138083,0,0,0,0,100,0.3751730551808964,5.08,-2.37
231917_2012,231917,7086,2351,496.5,216.5,2012,2.23214285714286,1.1731453405306773,0.9115174531214981,0,0,0,3,44,0.6534226629969899,4.91,-4.9
243529_2012,243529,2823,1378,513.5,438.5,2012,2.97619047619048,1.3803241941333877,0,0,0,1.3570239788197789,27,11,0.3362927079213694,4.79,-4.77
277129_2012,277129,9480,8109,563.5,538.5,2012,2.23214285714286,1.1731453405306773,NA,0,0,NA,0,95,0.5734592927922065,4.74,-4.83
291329_2012,291329,5876,8343,584.5,668.5,2012,5.20833333333333,1.825892475597513,1.55185924223159,0.961538461538462,0.6737290947028439,0.6737290947028439,2,29,0.7926118625442421,5.04,-4.57
293384_2012,293384,8207,8054,587.5,713.5,2012,2.97619047619048,1.3803241941333877,0.9115174531214981,0,0,0,2,1,0.329942534936271,5.27,-4.33
303838_2012,303838,5645,1216,603.5,447.5,2012,2.97619047619048,1.3803241941333877,0,0,0,1.072636802264848,0,86,0.2081702258423558,4.73,-5.17
328608_2012,328608,9910,1216,640.5,427.5,2012,2.23214285714286,1.1731453405306773,0,2.88461538461539,1.3570239788197789,0,0,3,0.21577588095755174,4.63,-4.93
349501_2012,349501,9835,3665,671.5,550.5,2012,2.97619047619048,1.3803241941333877,NA,0,0,NA,10,25,0.20936646720101534,4.5,-5.4
351251_2012,351251,4224,4400,674.5,290.5,2012,2.23214285714286,1.1731453405306773,2.2954166035154335,0.961538461538462,0.6737290947028439,1.3570239788197789,5,92,0.8369739117299415,4.48,-5.37
377031_2012,377031,8898,3729,712.5,610.5,2012,2.23214285714286,1.1731453405306773,0.9115174531214981,0,0,0,1,87,0.6438519715027058,4.55,-5.67
380022_2012,380022,5954,217,717.5,251.5,2012,2.23214285714286,1.1731453405306773,0,0,0,0,0,95,0.8585702872637951,4.62,-5.8
389619_2012,389619,1038,7568,731.5,468.5,2012,2.23214285714286,1.1731453405306773,1.55185924223159,0,0,0,0,100,0.8587214327406418,4.54,-5.57
393809_2012,393809,3660,1018,737.5,638.5,2012,2.97619047619048,1.3803241941333877,0,0,0,0.6737290947028439,54,3,0.9487357261799348,4.56,-5.53
394330_2012,394330,3432,7261,738.5,489.5,2012,3.7202380952381,1.55185924223159,NA,0,0,NA,0,87,0.679669251214873,4.57,-5.53
404396_2012,404396,8047,2439,753.5,505.5,2012,2.23214285714286,1.1731453405306773,0,0,0,0,0,41,0.20696520332619292,4.6,-5.43
405163_2012,405163,3736,5857,754.5,602.5,2012,3.7202380952381,1.55185924223159,NA,0,0,NA,8,20,0.8882338456122818,4.57,-5.57
412979_2012,412979,7166,1071,766.5,378.5,2012,3.7202380952381,1.55185924223159,0,1.92307692307692,1.072636802264848,0,0,100,0.620961573686626,4.52,-6.13
423349_2012,423349,87,427,781.5,698.5,2012,2.97619047619048,1.3803241941333877,0.9115174531214981,4.80769230769231,1.7591832987934426,1.3570239788197789,41,58,0.822801237941899,4.71,-5.73
426632_2012,426632,9512,5857,786.5,631.5,2012,6.69642857142857,2.040756399368598,NA,0,0,NA,5,3,0.3315159898364863,4.65,-5.87
439727_2012,439727,3690,9816,806.5,326.5,2012,2.23214285714286,1.1731453405306773,0.5562086296138083,0,0,0,0,100,0.36545410895546865,4.63,-6.37
445891_2012,445891,450,2761,815.5,460.5,2012,5.95238095238095,1.9390841839849131,2.717135786018863,1.92307692307692,1.072636802264848,0,2,94,0.31631796349330604,4.52,-6.2
449150_2012,449150,8230,812,820.5,369.5,2012,2.97619047619048,1.3803241941333877,0.9115174531214981,0,0,0,0,100,0.7315777036073948,4.6,-6.07
37212_2013,37212,3945,878,205.5,481.5,2013,3.7202380952381,1.55185924223159,1.3803241941333877,3.84615384615385,1.5781853689299967,2.0452083700375936,20,55,0.9693178485386267,4.92,-2.5
48730_2013,48730,4322,4050,222.5,609.5,2013,5.95238095238095,1.9390841839849131,2.6136523034546437,0,0,0,32,47,0.34488299062390754,4.83,-2.73
195133_2013,195133,799,6438,441.5,282.5,2013,2.97619047619048,1.3803241941333877,0,0,0,0.6737290947028439,2,98,0.2129596253744825,4.65,-3.9
195415_2013,195415,6431,8109,441.5,564.5,2013,11.1607142857143,2.498210615414364,2.217519872959902,0,0,0,8,62,0.7916904483520556,4.68,-4.37
199434_2013,199434,9736,8109,447.5,563.5,2013,2.23214285714286,1.1731453405306773,0.9115174531214981,0,0,0,6,61,0.20573414518672756,4.68,-4.23
209961_2013,209961,4117,7983,463.5,370.5,2013,2.23214285714286,1.1731453405306773,0.9115174531214981,0,0,0,0,100,0.3730109018199654,4.74,-4.07
226554_2013,226554,6990,9926,488.5,213.5,2013,5.95238095238095,1.9390841839849131,1.3803241941333877,0.961538461538462,0.6737290947028439,0,7,10,0.2752864522217088,4.97,-4.47
256399_2013,256399,1687,1759,532.5,578.5,2013,2.23214285714286,1.1731453405306773,NA,0,0,NA,0,100,0.37125685261287955,4.7,-5.13
292671_2013,292671,3137,8343,586.5,670.5,2013,2.23214285714286,1.1731453405306773,0.9115174531214981,0,0,0,32,40,0.6672820919166219,4.85,-5.4
320405_2013,320405,9821,5999,628.5,264.5,2013,11.9047619047619,2.5575963831562776,0,0,0,0,0,100,1.192520579884726,4.83,-4.63
330179_2013,330179,5768,1038,642.5,658.5,2013,2.97619047619048,1.3803241941333877,NA,0.961538461538462,0.6737290947028439,NA,9,15,0.9454572306057254,4.56,-5.93
334680_2013,334680,8202,4973,649.5,469.5,2013,2.23214285714286,1.1731453405306773,NA,0.961538461538462,0.6737290947028439,NA,3,89,1.1460006351065481,4.62,-4.87
336202_2013,336202,9889,9935,651.5,651.5,2013,3.7202380952381,1.55185924223159,NA,1.92307692307692,1.072636802264848,NA,69,1,0.31259550082233994,4.51,-6.17
351251_2013,351251,4224,4400,674.5,290.5,2013,2.23214285714286,1.1731453405306773,1.1731453405306773,2.88461538461539,1.3570239788197789,0.6737290947028439,8,92,0.8623564363523472,4.69,-4.67
378991_2013,378991,8867,8714,715.5,560.5,2013,2.97619047619048,1.3803241941333877,0.9115174531214981,0.961538461538462,0.6737290947028439,0,0,98,0.8460644924007644,4.61,-6
387558_2013,387558,1549,8654,728.5,417.5,2013,2.23214285714286,1.1731453405306773,0,0,0,0,29,42,0.21240530153553838,4.67,-5.37
394330_2013,394330,3432,7261,738.5,489.5,2013,13.3928571428571,2.666732051771476,1.55185924223159,NA,NA,NA,5,89,0.941897239340218,4.74,-5.57
396949_2013,396949,3017,8654,742.5,428.5,2013,2.23214285714286,1.1731453405306773,0,0,0,0.6737290947028439,9,68,0.2131507378486206,4.72,-5.63
397078_2013,397078,1550,9051,742.5,557.5,2013,2.23214285714286,1.1731453405306773,NA,0,0,NA,0,99,0.21204433492868063,4.7,-6
409647_2013,409647,639,9228,761.5,396.5,2013,2.23214285714286,1.1731453405306773,0,0,0,0,18,43,0.365498550619919,4.72,-5.6
435103_2013,435103,2160,1090,799.5,392.5,2013,2.97619047619048,1.3803241941333877,0.5562086296138083,0,0,0,0,90,1.2003055447517796,4.75,-5.73
435802_2013,435802,1896,9228,800.5,421.5,2013,4.46428571428571,1.6982334112172308,0.9115174531214981,0,0,0,0,21,0.29954987365065844,4.74,-5.53
443105_2013,443105,8769,9156,811.5,354.5,2013,4.46428571428571,1.6982334112172308,2.498210615414364,0,0,0.6737290947028439,0,100,0.2992248300314107,4.84,-5.83
444527_2013,444527,9287,8395,813.5,436.5,2013,3.7202380952381,1.55185924223159,NA,0,0,NA,0,17,0.8002537451682733,4.74,-5.93
449150_2013,449150,8230,812,820.5,369.5,2013,2.97619047619048,1.3803241941333877,1.3803241941333877,0,0,0,0,100,0.20547169092035175,4.82,-5.5
467887_2013,467887,2362,4327,848.5,346.5,2013,2.23214285714286,1.1731453405306773,0,0,0,0,0,100,0.2116591985758102,5,-5.8
37212_2014,37212,3945,878,205.5,481.5,2014,3.7202380952381,1.55185924223159,1.55185924223159,8.65384615384615,2.2673564011103013,1.5781853689299967,23,52,0.21075113869594245,4.28,0.2
145053_2014,145053,9637,532,366.5,452.5,2014,8.92857142857143,2.2954166035154335,1.1731453405306773,0,0,0,5,54,0.7722957562502898,4.11,-0.63
195133_2014,195133,799,6438,441.5,282.5,2014,2.23214285714286,1.1731453405306773,1.3803241941333877,1.92307692307692,1.072636802264848,0,2,98,0.36319710912831726,4.28,-0.8
195415_2014,195415,6431,8109,441.5,564.5,2014,3.7202380952381,1.55185924223159,2.498210615414364,0,0,0,13,50,0.2136197332396653,4.29,-1.5
209961_2014,209961,4117,7983,463.5,370.5,2014,2.23214285714286,1.1731453405306773,1.1731453405306773,0,0,0,0,100,0.6489922729776804,4.41,-1.17
230403_2014,230403,5041,8684,493.5,712.5,2014,2.97619047619048,1.3803241941333877,0.9115174531214981,0,0,0,0,100,0.21244180162539375,4.67,-0.17
231410_2014,231410,6263,99,495.5,379.5,2014,2.97619047619048,1.3803241941333877,0,1.92307692307692,1.072636802264848,0.6737290947028439,18,57,0.569831859741744,4.34,-1.4
238870_2014,238870,5613,6134,506.5,469.5,2014,2.23214285714286,1.1731453405306773,0,0,0,0,0,95,0.21542975635702438,4.32,-2.03
257859_2014,257859,5642,8735,534.5,698.5,2014,2.23214285714286,1.1731453405306773,0,0,0,0,16,13,0.9542227669572132,4.81,-1.57
276769_2014,276769,9017,296,563.5,178.5,2014,2.97619047619048,1.3803241941333877,0,0,0,0,74,20,0.5478215322382891,4.9,-4.6
291240_2014,291240,8282,9477,584.5,579.5,2014,2.97619047619048,1.3803241941333877,0,0,0,0,1,92,0.20938788856407034,4.39,-2.23
293384_2014,293384,8207,8054,587.5,713.5,2014,2.23214285714286,1.1731453405306773,0.9115174531214981,0,0,0,0,0,0.2060391895189763,4.96,-2.13
320405_2014,320405,9821,5999,628.5,264.5,2014,6.69642857142857,2.040756399368598,2.5575963831562776,0,0,0,0,100,0.5645746819534874,4.5,-1.93
324444_2014,324444,2676,2548,634.5,283.5,2014,2.23214285714286,1.1731453405306773,0.5562086296138083,0,0,0,0,48,0.8549497202716343,4.56,-2.37
334680_2014,334680,8202,4973,649.5,469.5,2014,3.7202380952381,1.55185924223159,1.1731453405306773,0,0,0.6737290947028439,4,89,0.5086039953326462,4.33,-2.37
335565_2014,335565,2778,9491,650.5,684.5,2014,2.97619047619048,1.3803241941333877,0,0,0,0,4,96,0.21394017275690888,4.42,-2.83
351251_2014,351251,4224,4400,674.5,290.5,2014,2.97619047619048,1.3803241941333877,1.1731453405306773,1.92307692307692,1.072636802264848,1.3570239788197789,8,92,0.7576892536459741,4.33,-2.2
357392_2014,357392,8131,8861,683.5,401.5,2014,2.23214285714286,1.1731453405306773,0.5562086296138083,0,0,0,7,93,0.21025272114910498,4.33,-2.6
375797_2014,375797,1940,4064,710.5,716.5,2014,2.23214285714286,1.1731453405306773,0,NA,NA,NA,49,44,1.2496432819422467,4.67,-3.57
378991_2014,378991,8867,8714,715.5,560.5,2014,3.7202380952381,1.55185924223159,1.3803241941333877,0,0,0.6737290947028439,0,98,0.3070326586061107,4.36,-3.4
380022_2014,380022,5954,217,717.5,251.5,2014,4.46428571428571,1.6982334112172308,0,0,0,0,5,79,0.3396945303502149,4.43,-2.6
389619_2014,389619,1038,7568,731.5,468.5,2014,5.20833333333333,1.825892475597513,0.9115174531214981,0,0,0,0,100,0.7729359418379952,4.37,-3.1
394330_2014,394330,3432,7261,738.5,489.5,2014,4.46428571428571,1.6982334112172308,2.666732051771476,0,0,NA,3,87,1.012911839069466,4.39,-3.2
398404_2014,398404,5780,3572,744.5,543.5,2014,2.23214285714286,1.1731453405306773,NA,2.88461538461539,1.3570239788197789,NA,0,90,0.8465375013267225,4.42,-3.27
439727_2014,439727,3690,9816,806.5,326.5,2014,2.23214285714286,1.1731453405306773,0,0,0,0,0,100,0.36428506820956125,4.38,-3.6
443105_2014,443105,8769,9156,811.5,354.5,2014,2.23214285714286,1.1731453405306773,1.6982334112172308,0,0,0,0,100,0.6537916911663594,4.34,-3.67
445762_2014,445762,3188,9816,815.5,331.5,2014,2.23214285714286,1.1731453405306773,0,0,0,0,0,86,0.35662692371905214,4.41,-3.8
101605_2015,101605,3390,1242,301.5,554.5,2015,2.23214285714286,1.1731453405306773,0,0,0,0.6737290947028439,19,0,0.37166479502217026,4.74,-0.87
145741_2015,145741,3140,4486,367.5,470.5,2015,6.69642857142857,2.040756399368598,0,0,0,1.5781853689299967,29,71,0.2110146246796521,4.44,-0.9
165103_2015,165103,8109,966,396.5,402.5,2015,2.97619047619048,1.3803241941333877,0.5562086296138083,0,0,0.6737290947028439,53,26,0.5654809632002801,4.42,-0.93
168447_2015,168447,124,966,401.5,396.5,2015,2.23214285714286,1.1731453405306773,0.9115174531214981,0.961538461538462,0.6737290947028439,0,61,18,0.2147735491166927,4.48,-0.9
195415_2015,195415,6431,8109,441.5,564.5,2015,6.69642857142857,2.040756399368598,1.55185924223159,0,0,0,5,58,0.5330960745640153,4.62,-1.6
199434_2015,199434,9736,8109,447.5,563.5,2015,2.23214285714286,1.1731453405306773,0,0,0,0,0,56,0.21007855738671521,4.62,-1.4
207150_2015,207150,9124,5191,459.5,239.5,2015,2.23214285714286,1.1731453405306773,0,0,0,0,25,21,0.36428629308583055,4.67,-1.57
222810_2015,222810,1325,8706,482.5,489.5,2015,13.3928571428571,2.666732051771476,NA,0,0,NA,0,100,0.7341382636972101,4.61,-1.87
249581_2015,249581,4990,6134,522.5,460.5,2015,4.46428571428571,1.6982334112172308,0,0,0,0,0,100,0.5118469011468019,4.62,-2.07
257488_2015,257488,9948,4062,534.5,327.5,2015,8.92857142857143,2.2954166035154335,NA,0,0,NA,0,56,0.7619670024669231,4.69,-1.9
280514_2015,280514,303,1620,568.5,573.5,2015,2.23214285714286,1.1731453405306773,NA,0.961538461538462,0.6737290947028439,NA,0,44,1.145888773322932,4.72,-1.8
296576_2015,296576,8983,4407,592.5,555.5,2015,2.23214285714286,1.1731453405306773,0,0,0,0,10,0,0.21364758057131303,4.64,-1.77
319917_2015,319917,9342,6655,627.5,446.5,2015,3.7202380952381,1.55185924223159,0.9115174531214981,0,0,0,0,39,0.7607396580225136,4.75,-2.17
320405_2015,320405,9821,5999,628.5,264.5,2015,2.97619047619048,1.3803241941333877,2.040756399368598,0.961538461538462,0.6737290947028439,0,0,100,0.5435480528854231,4.73,-2.17
328608_2015,328608,9910,1216,640.5,427.5,2015,2.23214285714286,1.1731453405306773,0.5562086296138083,2.88461538461539,1.3570239788197789,0,0,3,0.9459615175114868,4.73,-1.93
334680_2015,334680,8202,4973,649.5,469.5,2015,7.44047619047619,2.1330387276888136,1.55185924223159,1.92307692307692,1.072636802264848,0,4,89,0.7387049915923017,4.68,-1.8
342063_2015,342063,8596,7914,660.5,482.5,2015,2.97619047619048,1.3803241941333877,NA,0.961538461538462,0.6737290947028439,NA,2,7,0.33520298345582855,4.65,-1.97
343569_2015,343569,2859,9935,662.5,648.5,2015,7.44047619047619,2.1330387276888136,0,NA,NA,NA,21,0,0.3522307704634346,4.55,-2.57
346601_2015,346601,7834,3579,667.5,330.5,2015,3.7202380952381,1.55185924223159,0.5562086296138083,0,0,0,0,100,0.6247369484614754,4.72,-2.73
351251_2015,351251,4224,4400,674.5,290.5,2015,2.23214285714286,1.1731453405306773,1.3803241941333877,2.88461538461539,1.3570239788197789,1.072636802264848,15,85,0.6628102574867901,4.61,-2.2
353845_2015,353845,6150,1428,678.5,204.5,2015,2.97619047619048,1.3803241941333877,0,0,0,0,0,16,0.21138506720222605,4.66,-2.7
357392_2015,357392,8131,8861,683.5,401.5,2015,5.20833333333333,1.825892475597513,1.1731453405306773,0,0,0,7,93,0.32512159280038755,4.63,-2.3
380022_2015,380022,5954,217,717.5,251.5,2015,2.97619047619048,1.3803241941333877,1.6982334112172308,0,0,0,5,75,0.3359008463124327,4.64,-2.63
382896_2015,382896,2178,7826,721.5,445.5,2015,2.97619047619048,1.3803241941333877,NA,0,0,NA,1,99,0.21188429928270497,4.65,-2.7
385585_2015,385585,3346,7826,725.5,454.5,2015,5.20833333333333,1.825892475597513,NA,2.88461538461539,1.3570239788197789,NA,0,100,0.9369235029063865,4.66,-2.63
385850_2015,385850,6480,617,725.5,719.5,2015,5.20833333333333,1.825892475597513,0,9.61538461538461,2.3623043276956674,0,15,3,0.21068036467126972,4.79,-2.9
387558_2015,387558,1549,8654,728.5,417.5,2015,2.23214285714286,1.1731453405306773,0.9115174531214981,3.84615384615385,1.5781853689299967,0.6737290947028439,29,17,0.8535577499513877,4.6,-2.6
388323_2015,388323,8411,536,729.5,512.5,2015,2.97619047619048,1.3803241941333877,NA,0,0,NA,0,100,0.2110606403287355,4.73,-2.4
389120_2015,389120,6769,5591,730.5,639.5,2015,2.23214285714286,1.1731453405306773,NA,0,0,NA,4,29,0.2107056978431059,4.62,-2.6
389619_2015,389619,1038,7568,731.5,468.5,2015,5.20833333333333,1.825892475597513,1.825892475597513,0,0,0,0,100,0.6681601237714307,4.72,-2.47
393809_2015,393809,3660,1018,737.5,638.5,2015,2.97619047619048,1.3803241941333877,0.9115174531214981,0,0,0,93,0,0.36447549907082444,4.62,-2.57
404396_2015,404396,8047,2439,753.5,505.5,2015,2.23214285714286,1.1731453405306773,0.5562086296138083,0,0,0,4,41,0.2081148151764544,4.74,-2.27
404814_2015,404814,1521,5934,754.5,253.5,2015,2.23214285714286,1.1731453405306773,0,0,0,0,0,83,1.2336778280352292,4.53,-2.4
408215_2015,408215,9178,4327,759.5,304.5,2015,2.97619047619048,1.3803241941333877,0,0,0,0,50,0,0.7370032090772993,4.53,-2.7
412979_2015,412979,7166,6660,766.5,378.5,2015,2.97619047619048,1.3803241941333877,NA,0,0,NA,0,100,0.2096657739537441,4.56,-2.97
445891_2015,445891,450,2761,815.5,460.5,2015,7.44047619047619,2.1330387276888136,1.9390841839849131,1.92307692307692,1.072636802264848,2.0452083700375936,13,84,0.4605254067502069,4.61,-2.93
448495_2015,448495,6760,5957,819.5,384.5,2015,2.23214285714286,1.1731453405306773,0,0,0,0,0,87,0.21096428339912646,4.57,-2.8
48730_2016,48730,4322,4050,222.5,609.5,2016,2.97619047619048,1.3803241941333877,0.9115174531214981,0,0,0,18,62,0.3670087900158767,4.66,0.3
91015_2016,91015,5709,7514,285.5,684.5,2016,2.23214285714286,1.1731453405306773,0,0,0,0,0,96,0.20866500905333712,4.94,0.33
163033_2016,163033,3311,2265,393.5,342.5,2016,2.23214285714286,1.1731453405306773,0,0,0,0,42,10,0.20734082886122793,4.64,-0.2
179526_2016,179526,9703,9038,417.5,755.5,2016,2.97619047619048,1.3803241941333877,0,0,0,0,0,100,0.2103704111397671,4.93,0.2
195415_2016,195415,6431,8109,441.5,564.5,2016,4.46428571428571,1.6982334112172308,2.040756399368598,0,0,0,3,59,0.7039923277549046,4.53,-0.9
196803_2016,196803,6065,6976,443.5,612.5,2016,5.95238095238095,1.9390841839849131,NA,0,0,NA,0,100,0.21451182851500122,4.63,-0.93
205813_2016,205813,9839,5191,457.5,242.5,2016,7.44047619047619,2.1330387276888136,0.5562086296138083,0,0,0,0,0,0.8025662003566083,4.91,-1
209961_2016,209961,4117,7983,463.5,370.5,2016,4.46428571428571,1.6982334112172308,0.5562086296138083,0,0,0,0,100,0.3380108068808632,4.84,-0.7
222601_2016,222601,7945,8426,482.5,280.5,2016,2.97619047619048,1.3803241941333877,0,0,0,0.6737290947028439,11,83,0.211602239496202,4.92,-1.17
270850_2016,270850,1311,2285,554.5,289.5,2016,2.23214285714286,1.1731453405306773,0,0,0,0,0,100,0.2103012586579918,4.96,-1.87
293384_2016,293384,8207,8054,587.5,713.5,2016,2.23214285714286,1.1731453405306773,0.5562086296138083,0,0,0,2,0,0.2099719719588952,5.21,-1.57
296576_2016,296576,8983,4407,592.5,555.5,2016,2.23214285714286,1.1731453405306773,1.1731453405306773,0,0,0,8,2,0.2086565528554988,4.6,-1.5
320405_2016,320405,9821,5999,628.5,264.5,2016,2.23214285714286,1.1731453405306773,1.3803241941333877,0,0,0.6737290947028439,0,100,0.5724272200514815,4.82,-1.6
328608_2016,328608,9910,1216,640.5,427.5,2016,2.23214285714286,1.1731453405306773,1.1731453405306773,0.961538461538462,0.6737290947028439,1.3570239788197789,0,0,0.36632571037914935,4.64,-1.37
334680_2016,334680,8202,4973,649.5,469.5,2016,5.95238095238095,1.9390841839849131,2.1330387276888136,0.961538461538462,0.6737290947028439,1.072636802264848,6,89,0.503653928611887,4.57,-1.33
342063_2016,342063,8596,7914,660.5,482.5,2016,4.46428571428571,1.6982334112172308,1.3803241941333877,0.961538461538462,0.6737290947028439,0.6737290947028439,1,7,0.21048227766849165,4.56,-1.63
351628_2016,351628,9025,6849,674.5,667.5,2016,3.7202380952381,1.55185924223159,0.5562086296138083,0,0,0,37,55,0.8858765391106183,4.71,-2.57
353845_2016,353845,6150,1428,678.5,204.5,2016,3.7202380952381,1.55185924223159,1.3803241941333877,0,0,0,0,14,0.35262385373315164,4.8,-2.13
357392_2016,357392,8131,8861,683.5,401.5,2016,2.23214285714286,1.1731453405306773,1.825892475597513,0,0,0,17,83,1.0088488037429464,4.61,-1.73
371343_2016,371343,5456,8782,704.5,282.5,2016,2.97619047619048,1.3803241941333877,NA,3.84615384615385,1.5781853689299967,NA,0,0,0.2092202321883643,4.62,-1.83
375797_2016,375797,1940,4064,710.5,716.5,2016,2.97619047619048,1.3803241941333877,0.9115174531214981,NA,NA,NA,31,51,0.3698894244603144,4.95,-2.97
377709_2016,377709,4428,536,713.5,618.5,2016,2.97619047619048,1.3803241941333877,0.5562086296138083,0,0,0,0,90,0.8499874114957781,4.76,-2.77
384810_2016,384810,7000,9808,724.5,349.5,2016,2.23214285714286,1.1731453405306773,0,2.88461538461539,1.3570239788197789,1.072636802264848,0,30,0.8026828191930591,4.62,-2.37
389120_2016,389120,6769,5591,730.5,639.5,2016,3.7202380952381,1.55185924223159,1.1731453405306773,0,0,0,4,29,0.603204144792758,4.78,-2.63
389619_2016,389619,1038,7568,731.5,468.5,2016,2.97619047619048,1.3803241941333877,1.825892475597513,0,0,0,0,100,0.20902939393588693,4.69,-2.13
393658_2016,393658,7522,7261,737.5,487.5,2016,2.97619047619048,1.3803241941333877,NA,0,0,NA,0,59,0.4746652513212761,4.73,-2.17
394330_2016,394330,3432,7261,738.5,489.5,2016,5.95238095238095,1.9390841839849131,NA,NA,NA,NA,3,92,0.4749579229739445,4.74,-2.23
408215_2016,408215,9178,4327,759.5,304.5,2016,2.97619047619048,1.3803241941333877,1.3803241941333877,0,0,0,50,0,0.7924890253911053,4.63,-2.17
427060_2016,427060,3932,5413,787.5,389.5,2016,2.23214285714286,1.1731453405306773,0.5562086296138083,0,0,0,0,100,0.8773066855879353,4.66,-2.5
431792_2016,431792,767,5770,794.5,431.5,2016,3.7202380952381,1.55185924223159,0,0,0,0,0,100,0.3557058539437224,4.74,-2.73
445891_2016,445891,450,2761,815.5,460.5,2016,4.46428571428571,1.6982334112172308,2.1330387276888136,2.88461538461539,1.3570239788197789,1.072636802264848,8,65,0.7143906424809653,4.74,-2.83
455853_2016,455853,2910,7304,830.5,372.5,2016,2.23214285714286,1.1731453405306773,1.1731453405306773,0,0,0,0,91,0.6486972083511303,4.73,-2.17
467887_2016,467887,2362,4327,848.5,346.5,2016,2.97619047619048,1.3803241941333877,0,0,0,0,0,100,0.8752631102006366,4.82,-2.5
48730_2017,48730,4322,4050,222.5,609.5,2017,3.7202380952381,1.55185924223159,1.3803241941333877,0,0,0,18,62,0.7606458030543604,4.65,-1.83
90726_2017,90726,1983,2900,285.5,395.5,2017,2.23214285714286,1.1731453405306773,0,0,0,0,7,8,0.7939082698150962,4.43,-2.97
139028_2017,139028,7305,9086,357.5,457.5,2017,2.23214285714286,1.1731453405306773,0,0,0,1.072636802264848,0,100,0.6479378947611807,4.36,-2.9
145053_2017,145053,9637,532,366.5,452.5,2017,4.46428571428571,1.6982334112172308,0.9115174531214981,0,0,0,9,55,0.8091013194169037,4.38,-2.93
145741_2017,145741,3140,4486,367.5,470.5,2017,2.23214285714286,1.1731453405306773,0.9115174531214981,0.961538461538462,0.6737290947028439,1.072636802264848,18,82,0.20896407872853223,4.39,-2.9
150005_2017,150005,3108,2762,373.5,714.5,2017,2.23214285714286,1.1731453405306773,0.5562086296138083,0,0,0,18,72,0.9606683855814684,4.85,-2.8
196427_2017,196427,7537,6990,443.5,236.5,2017,4.46428571428571,1.6982334112172308,0,0,0,0,0,94,0.6603558403294723,4.11,-4.3
196803_2017,196803,6065,6976,443.5,612.5,2017,4.46428571428571,1.6982334112172308,1.9390841839849131,0,0,0,0,100,0.35118083738707007,4.63,-3.33
205813_2017,205813,9839,5191,457.5,242.5,2017,2.23214285714286,1.1731453405306773,2.1330387276888136,0,0,0,0,0,0.2165226538749562,4.25,-4.43
222601_2017,222601,7945,8426,482.5,280.5,2017,2.97619047619048,1.3803241941333877,1.3803241941333877,0,0,0,11,83,0.21224352604598976,4.38,-4.53
222810_2017,222810,1325,8706,482.5,489.5,2017,7.44047619047619,2.1330387276888136,0,NA,NA,NA,0,100,0.6216054408565849,4.47,-4.13
231917_2017,231917,7086,2351,496.5,216.5,2017,5.20833333333333,1.825892475597513,0,0,0,1.072636802264848,25,40,0.21159945070698596,4.43,-5.13
234807_2017,234807,3581,959,500.5,426.5,2017,4.46428571428571,1.6982334112172308,NA,0,0,NA,0,100,0.8608210200003976,4.45,-4.33
239759_2017,239759,3455,7525,507.5,688.5,2017,2.97619047619048,1.3803241941333877,0.9115174531214981,0,0,0,0,100,0.2096970325670302,4.78,-2.03
271022_2017,271022,5338,9739,554.5,461.5,2017,2.23214285714286,1.1731453405306773,0.5562086296138083,0,0,0,13,87,0.2099416983463228,4.43,-4.67
276769_2017,276769,9017,296,563.5,178.5,2017,2.23214285714286,1.1731453405306773,0.5562086296138083,0.961538461538462,0.6737290947028439,1.3570239788197789,60,9,1.0223299574577431,4.6,-8.47
291240_2017,291240,8282,9477,584.5,579.5,2017,2.23214285714286,1.1731453405306773,0,0.961538461538462,0.6737290947028439,0,5,80,1.2340970982466175,4.54,-3.9
303702_2017,303702,1818,7200,603.5,311.5,2017,2.23214285714286,1.1731453405306773,0,0,0,0.6737290947028439,7,51,0.8705391207668733,4.54,-5.43
306341_2017,306341,9392,7200,607.5,270.5,2017,2.23214285714286,1.1731453405306773,0.5562086296138083,0,0,0,0,86,1.2338619240071262,4.5,-5.3
324444_2017,324444,2676,2548,634.5,283.5,2017,2.23214285714286,1.1731453405306773,0,0,0,0,0,48,0.2112988046464249,4.53,-5.5
334680_2017,334680,8202,4973,649.5,469.5,2017,5.20833333333333,1.825892475597513,1.9390841839849131,0,0,0.6737290947028439,3,89,1.1469850545758158,4.49,-4.33
336061_2017,336061,5990,9777,651.5,510.5,2017,2.23214285714286,1.1731453405306773,0,0.961538461538462,0.6737290947028439,0.6737290947028439,0,19,1.0127413973001396,4.42,-4.43
338631_2017,338631,8981,5330,655.5,400.5,2017,4.46428571428571,1.6982334112172308,0.9115174531214981,0,0,0,51,11,0.8860640572929099,4.49,-4.63
342063_2017,342063,8596,7914,660.5,482.5,2017,2.97619047619048,1.3803241941333877,1.6982334112172308,0,0,0.6737290947028439,1,0,0.21136479045142095,4.48,-4.43
351298_2017,351298,8805,9243,674.5,337.5,2017,2.23214285714286,1.1731453405306773,0,0,0,0,0,100,0.851720757192929,4.42,-5.4
377709_2017,377709,4428,536,713.5,618.5,2017,2.97619047619048,1.3803241941333877,1.3803241941333877,0,0,0,0,90,0.2061664860289745,4.54,-4.57
384155_2017,384155,5248,7309,723.5,364.5,2017,3.7202380952381,1.55185924223159,0.9115174531214981,0,0,0,0,81,0.6183160707340637,4.43,-5.87
384810_2017,384810,7000,9808,724.5,349.5,2017,2.23214285714286,1.1731453405306773,1.1731453405306773,0,0,1.3570239788197789,0,30,0.3684621709886977,4.43,-5.93
386275_2017,386275,6475,6531,726.5,474.5,2017,2.23214285714286,1.1731453405306773,0,0,0,0,0,97,0.2127011425910754,4.56,-4.83
389120_2017,389120,6769,5591,730.5,639.5,2017,2.23214285714286,1.1731453405306773,1.55185924223159,0,0,0,0,22,0.6382170666775201,4.55,-4.43
389867_2017,389867,5395,4333,731.5,716.5,2017,3.7202380952381,1.55185924223159,0.5562086296138083,1.92307692307692,1.072636802264848,0.6737290947028439,31,0,0.30626160823593207,4.69,-4.8
408249_2017,408249,3089,5176,759.5,338.5,2017,3.7202380952381,1.55185924223159,0.5562086296138083,0.961538461538462,0.6737290947028439,1.072636802264848,0,100,1.1777968580162,4.48,-5.83
412979_2017,412979,7166,6660,766.5,378.5,2017,2.97619047619048,1.3803241941333877,0,0,0,0,0,100,0.21274458035346291,4.54,-5.97
414475_2017,414475,5981,5189,768.5,534.5,2017,4.46428571428571,1.6982334112172308,0.9115174531214981,0,0,0,2,97,0.759966056860483,4.71,-5
432605_2017,432605,5916,2928,795.5,574.5,2017,2.23214285714286,1.1731453405306773,0.5562086296138083,0,0,0,15,0,0.37237987304531506,4.69,-5
443105_2017,443105,8769,9156,811.5,354.5,2017,5.20833333333333,1.825892475597513,1.6982334112172308,0,0,0,0,100,0.20999909195320068,4.6,-6
445891_2017,445891,450,2761,815.5,460.5,2017,2.23214285714286,1.1731453405306773,1.6982334112172308,0,0,1.3570239788197789,10,63,0.21565022626851296,4.61,-5.43
145053_2018,145053,9637,9086,366.5,452.5,2018,2.97619047619048,1.3803241941333877,1.6982334112172308,0,0,0,5,47,0.7263709885849998,4.25,-1.7
205813_2018,205813,9839,5191,457.5,242.5,2018,8.92857142857143,2.2954166035154335,1.1731453405306773,NA,NA,NA,0,0,0.21059213161526327,4.43,-2.43
236166_2018,236166,1672,7374,502.5,445.5,2018,2.23214285714286,1.1731453405306773,0,0,0,0,0,100,0.36428952122761143,4.26,-2.97
250084_2018,250084,7556,436,523.5,293.5,2018,2.23214285714286,1.1731453405306773,0,0,0,0,6,14,0.21049123027907726,4.5,-3.27
252038_2018,252038,1381,771,526.5,237.5,2018,2.23214285714286,1.1731453405306773,0,0,0,0,0,54,0.21127879003443248,4.51,-2.93
296576_2018,296576,8983,4407,592.5,555.5,2018,2.97619047619048,1.3803241941333877,0.5562086296138083,0,0,0.6737290947028439,6,1,0.33739732773871967,4.32,-2.93
306341_2018,306341,9392,8423,607.5,270.5,2018,2.23214285714286,1.1731453405306773,1.1731453405306773,0,0,0,0,86,0.8532493519810693,4.58,-3.07
328608_2018,328608,9910,1216,640.5,427.5,2018,2.23214285714286,1.1731453405306773,0,2.88461538461539,1.3570239788197789,1.072636802264848,0,0,0.21170670452543613,4.28,-2.83
334680_2018,334680,8202,4973,649.5,469.5,2018,7.44047619047619,2.1330387276888136,1.825892475597513,1.92307692307692,1.072636802264848,0,3,77,0.5356239473416492,4.23,-2.83
338631_2018,338631,8981,5330,655.5,400.5,2018,2.97619047619048,1.3803241941333877,1.6982334112172308,1.92307692307692,1.072636802264848,0,53,4,0.21255378987976914,4.34,-2.73
353845_2018,353845,6150,1428,678.5,204.5,2018,2.23214285714286,1.1731453405306773,0.9115174531214981,0,0,0,0,15,0.36567836615277616,4.65,-3.23
357392_2018,357392,8131,8861,683.5,401.5,2018,2.23214285714286,1.1731453405306773,0.5562086296138083,0,0,0,18,82,0.3795170991656745,4.29,-3.13
382896_2018,382896,2178,7826,721.5,445.5,2018,2.23214285714286,1.1731453405306773,0,1.92307692307692,1.072636802264848,0,0,99,0.20787460269254177,4.32,-3.67
384810_2018,384810,7000,9808,724.5,349.5,2018,2.97619047619048,1.3803241941333877,1.1731453405306773,0,0,0,0,30,0.48240078679994464,4.33,-3.7
385585_2018,385585,3346,7826,725.5,454.5,2018,2.23214285714286,1.1731453405306773,0,1.92307692307692,1.072636802264848,0,0,89,0.21137502777292205,4.33,-3.6
389867_2018,389867,5395,4333,731.5,716.5,2018,3.7202380952381,1.55185924223159,1.55185924223159,1.92307692307692,1.072636802264848,1.072636802264848,13,0,0.20984495750616092,4.75,-4.43
395129_2018,395129,574,5575,739.5,618.5,2018,2.23214285714286,1.1731453405306773,NA,0,0,NA,2,0,0.6505306329107792,4.48,-3.6
397078_2018,397078,1550,9051,742.5,557.5,2018,3.7202380952381,1.55185924223159,0,0,0,0,0,99,0.6127332721566509,4.44,-4
399086_2018,399086,7082,9051,745.5,555.5,2018,8.18452380952381,2.217519872959902,0.5562086296138083,0,0,0,7,76,0.33305220175187067,4.45,-3.93
409202_2018,409202,4522,7486,760.5,621.5,2018,7.44047619047619,2.1330387276888136,0,4.80769230769231,1.7591832987934426,1.072636802264848,0,100,0.6815180488448689,4.54,-4.07
412979_2018,412979,7166,6660,766.5,378.5,2018,2.23214285714286,1.1731453405306773,1.3803241941333877,0,0,0,0,100,0.37127590093724666,4.38,-3.83
427060_2018,427060,3932,5413,787.5,389.5,2018,5.95238095238095,1.9390841839849131,0,NA,NA,NA,0,100,0.7583253239771256,4.44,-3.9
431329_2018,431329,6052,2426,793.5,638.5,2018,2.23214285714286,1.1731453405306773,0,0,0,0,6,92,0.20508550302898867,4.63,-4.07
444527_2018,444527,9287,8395,813.5,436.5,2018,2.97619047619048,1.3803241941333877,0,0.961538461538462,0.6737290947028439,0,0,8,0.21118735542300962,4.42,-4.1
449150_2018,449150,8230,812,820.5,369.5,2018,2.23214285714286,1.1731453405306773,0.9115174531214981,0,0,0,0,100,0.7983758915585176,4.53,-3.63
63218_2019,63218,6287,6519,244.5,357.5,2019,3.7202380952381,1.55185924223159,0,0,0,0,7,51,0.21075083638414127,5.06,-1.3
95435_2019,95435,5006,5051,292.5,414.5,2019,2.97619047619048,1.3803241941333877,NA,0,0,NA,21,58,0.21045452212307691,4.75,-0.37
194261_2019,194261,8362,6068,439.5,750.5,2019,2.23214285714286,1.1731453405306773,0.9115174531214981,0,0,0,70,2,0.8643571627975726,4.96,0.33
205813_2019,205813,9839,5191,457.5,242.5,2019,2.97619047619048,1.3803241941333877,2.2954166035154335,0,0,NA,0,0,0.8374372438606624,4.87,-1.43
226554_2019,226554,6990,3126,488.5,213.5,2019,2.97619047619048,1.3803241941333877,0,0,0,0,36,13,0.9938967538342306,5.08,-2.07
231917_2019,231917,7086,2351,496.5,216.5,2019,2.23214285714286,1.1731453405306773,0,4.80769230769231,1.7591832987934426,0.6737290947028439,17,47,0.21120748353360325,5.09,-2.03
270880_2019,270880,3392,144,554.5,319.5,2019,2.97619047619048,1.3803241941333877,0.9115174531214981,0,0,0,3,2,1.114993932623205,4.85,-1.73
276769_2019,276769,9017,296,563.5,178.5,2019,2.23214285714286,1.1731453405306773,NA,0,0,NA,37,9,0.21921181650862712,5.16,-5.73
301836_2019,301836,486,1216,600.5,455.5,2019,2.97619047619048,1.3803241941333877,0.5562086296138083,0,0,0,2,87,0.3346531184732397,4.8,-1.77
306341_2019,306341,9392,7200,607.5,270.5,2019,2.23214285714286,1.1731453405306773,1.1731453405306773,0,0,0,0,86,0.2093427370428385,4.88,-1.77
310056_2019,310056,3745,8054,612.5,635.5,2019,2.97619047619048,1.3803241941333877,0.9115174531214981,0,0,0,2,0,0.2137448354075148,4.91,-1.97
330179_2019,330179,5768,1038,642.5,658.5,2019,2.97619047619048,1.3803241941333877,0.5562086296138083,0,0,0,21,15,0.36591888050100985,4.8,-2.3
343587_2019,343587,4600,9491,662.5,666.5,2019,2.23214285714286,1.1731453405306773,0,0,0,0.6737290947028439,46,40,0.8541558521145615,4.7,-2.57
344844_2019,344844,2948,1611,664.5,583.5,2019,2.97619047619048,1.3803241941333877,NA,1.92307692307692,1.072636802264848,NA,13,18,0.209561695957368,4.61,-2.4
351628_2019,351628,9025,6849,674.5,667.5,2019,2.97619047619048,1.3803241941333877,0,0,0,0.6737290947028439,17,78,0.5661338521468046,4.71,-2.6
357392_2019,357392,8131,8861,683.5,401.5,2019,5.20833333333333,1.825892475597513,1.1731453405306773,0,0,0,18,82,0.7554851964824426,4.63,-1.97
375797_2019,375797,1940,617,710.5,716.5,2019,2.23214285714286,1.1731453405306773,0.5562086296138083,NA,NA,NA,26,13,0.6486605761547182,4.95,-3
376906_2019,376906,4450,8465,712.5,485.5,2019,2.23214285714286,1.1731453405306773,NA,0,0,NA,1,96,0.2049231595619555,4.66,-2.07
384155_2019,384155,5248,7309,723.5,364.5,2019,3.7202380952381,1.55185924223159,0.9115174531214981,0,0,0,3,79,1.0196706217812985,4.57,-2.73
385585_2019,385585,3346,7826,725.5,454.5,2019,14.8809523809524,2.7651204276322567,1.1731453405306773,0,0,1.072636802264848,0,89,1.0161137283307604,4.67,-2.37
389101_2019,389101,4697,6657,730.5,620.5,2019,3.7202380952381,1.55185924223159,0,0,0,0,33,62,0.20889366745357218,4.72,-2.6
427060_2019,427060,3932,5413,787.5,389.5,2019,2.97619047619048,1.3803241941333877,1.9390841839849131,0,0,NA,0,100,0.7554172007796163,4.68,-2.87
445891_2019,445891,450,2761,815.5,460.5,2019,10.4166666666667,2.4350742760401274,0.9115174531214981,0.961538461538462,0.6737290947028439,1.3570239788197789,48,51,0.6471575063512897,4.69,-2.8
145053_2020,145053,9637,532,366.5,452.5,2020,2.23214285714286,1.1731453405306773,0.9115174531214981,0,0,0,12,42,0.21275027505107993,4.58,1.13
196427_2020,196427,7537,6990,443.5,236.5,2020,2.97619047619048,1.3803241941333877,0,0,0,0,6,94,0.21096728418586347,4.52,0.03
231917_2020,231917,7086,2351,496.5,216.5,2020,3.7202380952381,1.55185924223159,1.1731453405306773,3.84615384615385,1.5781853689299967,1.7591832987934426,25,35,0.20853092049011043,5.04,-0.2
242280_2020,242280,5095,8765,511.5,529.5,2020,2.23214285714286,1.1731453405306773,0,3.84615384615385,1.5781853689299967,0,49,0,0.20674142348064112,4.51,0.17
248377_2020,248377,4922,3457,520.5,596.5,2020,2.97619047619048,1.3803241941333877,0,0,0,0.6737290947028439,9,39,0.21087040212930205,4.62,0.37
291329_2020,291329,5876,8343,584.5,668.5,2020,2.23214285714286,1.1731453405306773,0,1.92307692307692,1.072636802264848,0,8,23,0.20953621001496786,4.84,0.4
306341_2020,306341,9392,8423,607.5,270.5,2020,2.23214285714286,1.1731453405306773,1.1731453405306773,0,0,0,0,86,1.2546836191089716,4.82,-0.6
310056_2020,310056,3745,8054,612.5,635.5,2020,2.97619047619048,1.3803241941333877,1.3803241941333877,0.961538461538462,0.6737290947028439,0,0,0,1.2950952346985813,4.61,-0.03
328874_2020,328874,9504,5920,640.5,693.5,2020,2.23214285714286,1.1731453405306773,NA,0.961538461538462,0.6737290947028439,NA,2,70,0.2118651041754151,4.7,0.23
330179_2020,330179,5768,1038,642.5,658.5,2020,5.20833333333333,1.825892475597513,1.3803241941333877,1.92307692307692,1.072636802264848,0,25,15,0.6639604891355771,4.52,-0.2
336491_2020,336491,7030,5512,652.5,270.5,2020,2.97619047619048,1.3803241941333877,0.9115174531214981,3.84615384615385,1.5781853689299967,0,0,100,1.286825622291589,4.69,-0.37
349501_2020,349501,9835,3665,671.5,550.5,2020,2.97619047619048,1.3803241941333877,0,1.92307692307692,1.072636802264848,1.072636802264848,13,29,1.2542616619823732,4.38,-0.4
351298_2020,351298,8805,9243,674.5,337.5,2020,2.23214285714286,1.1731453405306773,0,0,0,0,0,100,0.5660605200652539,4.61,-0.57
384810_2020,384810,7000,9808,724.5,349.5,2020,4.46428571428571,1.6982334112172308,0,NA,NA,NA,0,37,0.7947049841403818,4.62,-1.03
389120_2020,389120,6769,5591,730.5,639.5,2020,6.69642857142857,2.040756399368598,NA,0,0,NA,13,22,0.30819935631072626,4.43,-0.37
409202_2020,409202,4522,5591,760.5,621.5,2020,2.23214285714286,1.1731453405306773,NA,0,0,NA,0,100,0.20688938582810829,4.49,-0.5
423349_2020,423349,87,427,781.5,698.5,2020,2.97619047619048,1.3803241941333877,0.9115174531214981,1.92307692307692,1.072636802264848,1.3570239788197789,29,58,0.8638580852319464,4.58,-0.27
439727_2020,439727,3690,4589,806.5,326.5,2020,3.7202380952381,1.55185924223159,0,0,0,0,0,100,0.9468298106605062,4.8,-1
445891_2020,445891,450,2761,815.5,460.5,2020,2.97619047619048,1.3803241941333877,2.4350742760401274,1.92307692307692,1.072636802264848,0.6737290947028439,44,51,0.210696438055965,4.55,-0.83
34664_2021,34664,8676,8921,201.5,613.5,2021,2.97619047619048,1.3803241941333877,0.9115174531214981,0,0,0,49,7,0.21181799556418338,4.8,-1.4
101605_2021,101605,3390,1242,301.5,554.5,2021,4.46428571428571,1.6982334112172308,0,0,0,0,17,0,0.38324654328929886,4.78,-2.33
132948_2021,132948,6874,8174,348.5,407.5,2021,5.20833333333333,1.825892475597513,0.5562086296138083,0,0,0,0,13,0.9360892599636436,4.3,-2.4
195415_2021,195415,6431,8109,441.5,564.5,2021,5.20833333333333,1.825892475597513,0,0,0,0,0,73,1.1479905998474356,4.68,-3.6
205813_2021,205813,9839,5191,457.5,242.5,2021,5.20833333333333,1.825892475597513,0.9115174531214981,0,0,0,0,0,0.7133283151077882,4.68,-2.7
207150_2021,207150,9124,5191,459.5,239.5,2021,3.7202380952381,1.55185924223159,0.5562086296138083,0,0,0,43,12,0.21021191715242565,4.68,-2.67
226804_2021,226804,1421,2775,488.5,463.5,2021,2.97619047619048,1.3803241941333877,0,1.92307692307692,1.072636802264848,0,0,100,0.20839439824440809,4.39,-3.6
231410_2021,231410,6263,99,495.5,379.5,2021,2.23214285714286,1.1731453405306773,0,0,0,0,20,57,0.21017332866220806,4.44,-3.33
285596_2021,285596,4252,7200,576.5,295.5,2021,2.97619047619048,1.3803241941333877,0,0,0,0,0,100,0.2114388342949602,4.73,-3.9
287753_2021,287753,3223,313,579.5,442.5,2021,2.97619047619048,1.3803241941333877,NA,0,0,NA,0,100,0.8756115969508582,4.44,-3.93
291239_2021,291239,461,5148,584.5,578.5,2021,2.97619047619048,1.3803241941333877,0,0,0,1.3570239788197789,0,98,0.20862674985829505,4.37,-4.17
292671_2021,292671,3137,8343,586.5,670.5,2021,4.46428571428571,1.6982334112172308,0.5562086296138083,0,0,0,11,61,0.3012990823999464,4.65,-4.37
305885_2021,305885,8570,133,606.5,484.5,2021,2.23214285714286,1.1731453405306773,NA,0.961538461538462,0.6737290947028439,NA,0,96,0.6546244834620015,4.39,-3.97
310056_2021,310056,3745,8054,612.5,635.5,2021,2.97619047619048,1.3803241941333877,1.3803241941333877,0,0,0.6737290947028439,0,0,0.7935117368372506,4.45,-4.67
320405_2021,320405,9821,5999,628.5,264.5,2021,7.44047619047619,2.1330387276888136,0,0,0,0.6737290947028439,0,100,0.7583953883809116,4.63,-3.63
324690_2021,324690,9928,64,634.5,529.5,2021,4.46428571428571,1.6982334112172308,0.9115174531214981,0,0,0.6737290947028439,4,86,0.21247606739076041,4.32,-4.43
336491_2021,336491,7030,5512,652.5,270.5,2021,3.7202380952381,1.55185924223159,1.3803241941333877,0,0,1.5781853689299967,0,100,0.5064618968651318,4.58,-3.6
344220_2021,344220,9300,479,663.5,629.5,2021,2.97619047619048,1.3803241941333877,NA,0,0,NA,5,0,0.21176416581108903,4.37,-5.33
344844_2021,344844,2948,1611,664.5,583.5,2021,2.97619047619048,1.3803241941333877,1.1731453405306773,0,0,0,35,0,0.7856395240559997,4.33,-5.2
347975_2021,347975,4754,1922,669.5,364.5,2021,2.97619047619048,1.3803241941333877,0,0,0,0,0,100,0.21075779718883114,4.41,-4
351628_2021,351628,9025,6849,674.5,667.5,2021,4.46428571428571,1.6982334112172308,0,0,0,0,47,43,0.6479437175480828,4.33,-5.13
353218_2021,353218,115,5671,677.5,247.5,2021,5.95238095238095,1.9390841839849131,1.3803241941333877,0,0,0,0,100,0.8327870006700548,4.6,-3.33
372207_2021,372207,8994,6063,705.5,476.5,2021,2.23214285714286,1.1731453405306773,0,0,0,0,26,49,0.2067301461298126,4.33,-4.3
380030_2021,380030,7777,9290,717.5,259.5,2021,2.23214285714286,1.1731453405306773,NA,0,0,NA,14,55,1.1478129994898827,4.64,-3.83
384155_2021,384155,5248,7309,723.5,364.5,2021,3.7202380952381,1.55185924223159,0,0,0,0,3,79,0.7797722991690654,4.34,-4.43
389619_2021,389619,1038,7568,731.5,468.5,2021,2.23214285714286,1.1731453405306773,0.9115174531214981,0,0,0,0,100,0.21241857566708108,4.45,-4.3
397769_2021,397769,6817,8861,743.5,578.5,2021,5.20833333333333,1.825892475597513,0.5562086296138083,0,0,1.072636802264848,0,100,0.833471248914547,4.6,-5.07
399923_2021,399923,6673,4333,746.5,722.5,2021,3.7202380952381,1.55185924223159,0,0.961538461538462,0.6737290947028439,0.6737290947028439,21,3,0.7398182003519328,4.61,-5.67
414343_2021,414343,7539,2761,768.5,402.5,2021,3.7202380952381,1.55185924223159,0,0,0,0,0,94,0.35411093558357626,4.54,-4.7
431343_2021,431343,7365,4609,793.5,652.5,2021,3.7202380952381,1.55185924223159,NA,0,0,NA,0,100,0.21107589125809156,4.68,-5.33
439727_2021,439727,3690,4589,806.5,326.5,2021,2.23214285714286,1.1731453405306773,1.55185924223159,0,0,0,0,100,0.8065511758917037,4.76,-4.47
444527_2021,444527,9287,8395,813.5,436.5,2021,5.20833333333333,1.825892475597513,0.5562086296138083,0.961538461538462,0.6737290947028439,1.91238745701667,0,4,0.9791929009333752,4.62,-4.93
43273_2022,43273,130,1948,214.5,512.5,2022,2.97619047619048,1.3803241941333877,0,0,0,0,17,72,0.2098926067966798,4.98,-0.03
91015_2022,91015,5709,7514,285.5,684.5,2022,2.23214285714286,1.1731453405306773,0,0,0,0,2,98,0.2139969973134721,5.29,-0.17
145053_2022,145053,9637,532,366.5,452.5,2022,8.92857142857143,2.2954166035154335,0.9115174531214981,0,0,0,24,34,0.8293469745634429,4.8,-0.87
194462_2022,194462,8127,6438,440.5,281.5,2022,8.92857142857143,2.2954166035154335,0,2.88461538461539,1.3570239788197789,0,42,56,0.21123297523383527,4.69,-1.13
195622_2022,195622,9725,6164,441.5,771.5,2022,2.23214285714286,1.1731453405306773,0.9115174531214981,0,0,0,24,4,0.21031732429121294,5.15,0.43
196803_2022,196803,6065,6976,443.5,612.5,2022,5.20833333333333,1.825892475597513,NA,0,0,NA,0,100,0.2850081176972462,4.9,-1.87
231917_2022,231917,7086,2351,496.5,216.5,2022,6.69642857142857,2.040756399368598,0.5562086296138083,0.961538461538462,0.6737290947028439,0,31,35,0.2100903512502231,5.08,-2.07
243659_2022,243659,907,8863,513.5,568.5,2022,2.23214285714286,1.1731453405306773,NA,0.961538461538462,0.6737290947028439,NA,0,99,0.2136920035732019,4.8,-2.17
244333_2022,244333,7603,8863,514.5,572.5,2022,5.95238095238095,1.9390841839849131,NA,0,0,NA,0,96,0.21057137543146884,4.82,-2.17
253368_2022,253368,6835,7961,528.5,227.5,2022,2.23214285714286,1.1731453405306773,NA,0.961538461538462,0.6737290947028439,NA,0,98,0.6673754553303595,5.03,-2.33
276769_2022,276769,9017,296,563.5,178.5,2022,2.97619047619048,1.3803241941333877,0.9115174531214981,0.961538461538462,0.6737290947028439,0,57,0,0.3297618982892551,5.41,-5.8
297816_2022,297816,3774,1967,594.5,455.5,2022,2.23214285714286,1.1731453405306773,NA,0,0,NA,22,73,0.2130721760110042,4.72,-2.43
310056_2022,310056,3745,8054,612.5,635.5,2022,2.97619047619048,1.3803241941333877,1.3803241941333877,0,0,0,4,0,1.2134637818822904,4.81,-2.5
315841_2022,315841,2731,133,621.5,390.5,2022,2.23214285714286,1.1731453405306773,NA,0,0,NA,2,97,1.3290358534809061,4.79,-2.37
324690_2022,324690,9928,64,634.5,529.5,2022,2.97619047619048,1.3803241941333877,1.6982334112172308,1.92307692307692,1.072636802264848,0,0,97,0.36202556400421365,4.55,-2.5
330179_2022,330179,5768,1038,642.5,658.5,2022,2.23214285714286,1.1731453405306773,0.9115174531214981,0,0,0,25,15,0.6458383860525401,4.74,-2.8
331318_2022,331318,1904,4973,644.5,457.5,2022,2.97619047619048,1.3803241941333877,0,0,0,0.6737290947028439,6,3,0.7388515790658374,4.7,-2.4
336491_2022,336491,7030,5512,652.5,270.5,2022,3.7202380952381,1.55185924223159,1.55185924223159,0.961538461538462,0.6737290947028439,0,0,100,0.6096598912836075,4.7,-2.1
340165_2022,340165,8878,1611,657.5,594.5,2022,2.97619047619048,1.3803241941333877,0,3.84615384615385,1.5781853689299967,1.7591832987934426,29,11,0.6464820668239465,4.58,-2.9
347975_2022,347975,4754,1922,669.5,364.5,2022,4.46428571428571,1.6982334112172308,1.3803241941333877,0,0,0,0,100,0.2102688409676333,4.66,-2.43
353218_2022,353218,115,5671,677.5,247.5,2022,6.69642857142857,2.040756399368598,1.9390841839849131,0,0,0,0,100,0.7339004256539866,4.78,-2.27
372207_2022,372207,8994,6063,705.5,476.5,2022,2.23214285714286,1.1731453405306773,1.1731453405306773,0,0,0,21,60,0.2088905618769401,4.62,-2.63
380815_2022,380815,7589,7309,718.5,374.5,2022,3.7202380952381,1.55185924223159,0,0,0,0,0,100,0.8795455515439073,4.7,-3.13
389619_2022,389619,1038,7568,731.5,468.5,2022,6.69642857142857,2.040756399368598,1.1731453405306773,0,0,0,0,100,0.7164527443716712,4.64,-2.63
393658_2022,393658,7522,9839,737.5,487.5,2022,2.97619047619048,1.3803241941333877,NA,0,0,NA,12,60,1.2401311012320715,4.65,-2.67
394330_2022,394330,3432,9839,738.5,489.5,2022,7.44047619047619,2.1330387276888136,NA,0,0,NA,3,87,0.5767928257572434,4.65,-2.63
395160_2022,395160,3574,6657,739.5,649.5,2022,2.23214285714286,1.1731453405306773,0,1.92307692307692,1.072636802264848,0,93,4,1.233168204975117,4.71,-3.1
397078_2022,397078,1550,9051,742.5,557.5,2022,3.7202380952381,1.55185924223159,0,0,0,0,0,100,0.6704491740761854,4.66,-2.9
397769_2022,397769,6817,8861,743.5,578.5,2022,2.23214285714286,1.1731453405306773,1.825892475597513,1.92307692307692,1.072636802264848,0,0,100,0.3746452369787848,4.68,-2.93
399086_2022,399086,7082,9051,745.5,555.5,2022,3.7202380952381,1.55185924223159,0.9115174531214981,0,0,0,12,78,1.1271259732580665,4.65,-2.8
414343_2022,414343,7539,2761,768.5,402.5,2022,2.23214285714286,1.1731453405306773,1.55185924223159,0,0,0,0,94,1.472318589497036,4.71,-3.1
431343_2022,431343,7365,4609,793.5,652.5,2022,2.97619047619048,1.3803241941333877,1.55185924223159,4.80769230769231,1.7591832987934426,0,0,100,1.2171273989010831,4.79,-3.1
445891_2022,445891,450,2761,815.5,460.5,2022,2.23214285714286,1.1731453405306773,0.9115174531214981,0,0,0.6737290947028439,50,50,0.20598326572949627,4.62,-3.13
453847_2022,453847,4249,7304,827.5,376.5,2022,2.97619047619048,1.3803241941333877,0.5562086296138083,0.961538461538462,0.6737290947028439,0,16,5,0.8195142569884923,4.77,-2.77
459160_2022,459160,3026,4038,835.5,329.5,2022,2.97619047619048,1.3803241941333877,NA,0,0,NA,0,100,0.8503844120560461,4.89,-3.1
43273_2023,43273,130,1948,214.5,512.5,2023,2.23214285714286,1.1731453405306773,1.3803241941333877,0,0,0,20,72,0.21265522814047205,4.87,-0.3
145053_2023,145053,9637,532,366.5,452.5,2023,2.23214285714286,1.1731453405306773,2.2954166035154335,0,0,0,28,34,0.36270586518922865,4.63,-0.4
145741_2023,145741,3140,4486,367.5,470.5,2023,2.23214285714286,1.1731453405306773,0,3.84615384615385,1.5781853689299967,1.5781853689299967,6,94,0.21057721227697399,4.64,-0.5
151002_2023,151002,6837,8066,375.5,371.5,2023,2.23214285714286,1.1731453405306773,0.9115174531214981,0,0,0,0,79,0.20502961040600412,4.63,-0.67
176006_2023,176006,7041,6525,412.5,585.5,2023,2.23214285714286,1.1731453405306773,NA,0,0,NA,19,18,0.21005658777233968,4.67,-0.93
195133_2023,195133,799,6438,441.5,282.5,2023,6.69642857142857,2.040756399368598,0.5562086296138083,0,0,0.6737290947028439,2,98,1.1468975657156202,4.9,-0.53
196803_2023,196803,6065,6976,443.5,612.5,2023,4.46428571428571,1.6982334112172308,1.825892475597513,0,0,0,0,100,0.3404477712002363,4.76,-1.4
238851_2023,238851,8260,5620,506.5,450.5,2023,2.23214285714286,1.1731453405306773,NA,0,0,NA,0,100,0.8602304674391449,4.66,-1.4
243795_2023,243795,3716,4933,513.5,704.5,2023,2.23214285714286,1.1731453405306773,0,3.84615384615385,1.5781853689299967,2.0452083700375936,0,100,0.2096554275545099,4.99,-0.53
271022_2023,271022,5338,2069,554.5,461.5,2023,3.7202380952381,1.55185924223159,0.9115174531214981,0,0,0,18,82,0.35415137055275003,4.71,-1.6
276769_2023,276769,9017,296,563.5,178.5,2023,5.20833333333333,1.825892475597513,1.3803241941333877,0,0,0.6737290947028439,62,0,0.98585051510225985,5.42,-4.8
285596_2023,285596,4252,7200,576.5,295.5,2023,2.97619047619048,1.3803241941333877,0.9115174531214981,0,0,0,0,100,0.7579275725881325,5.26,-1.5
296576_2023,296576,8983,4407,592.5,555.5,2023,2.23214285714286,1.1731453405306773,0.9115174531214981,0.961538461538462,0.6737290947028439,0,7,0,0.21421557238067332,4.64,-1.43
311696_2023,311696,5748,8423,615.5,265.5,2023,2.23214285714286,1.1731453405306773,0,0,0,0,0,100,0.205541065782388,5.29,-1.27
324690_2023,324690,9928,64,634.5,529.5,2023,2.97619047619048,1.3803241941333877,1.3803241941333877,0,0,1.072636802264848,0,97,0.330879454782377,4.6,-1.7
328608_2023,328608,9910,1216,640.5,427.5,2023,2.23214285714286,1.1731453405306773,0.5562086296138083,0,0,0,5,4,0.8518105209661159,4.82,-1.23
330179_2023,330179,5768,1038,642.5,658.5,2023,2.23214285714286,1.1731453405306773,1.1731453405306773,0.961538461538462,0.6737290947028439,0,25,15,0.37276954109534954,4.8,-2.1
342090_2023,342090,9045,4083,660.5,509.5,2023,2.23214285714286,1.1731453405306773,NA,0,0,NA,22,31,0.20969624384833047,4.61,-1.43
369391_2023,369391,9266,812,701.5,340.5,2023,2.23214285714286,1.1731453405306773,0,0,0,0,3,91,0.7979180892950339,4.93,-1.03
372207_2023,372207,8994,6063,705.5,476.5,2023,4.46428571428571,1.6982334112172308,1.1731453405306773,0,0,0,2,75,0.3401037450901358,4.72,-1.43
385748_2023,385748,6481,6655,725.5,617.5,2023,4.46428571428571,1.6982334112172308,0.5562086296138083,0,0,0,7,90,0.7100444454561887,4.73,-1.93
389867_2023,389867,5395,4333,731.5,716.5,2023,3.7202380952381,1.55185924223159,0,2.88461538461539,1.3570239788197789,0,28,0,0.8886249766913945,4.97,-2.77
394330_2023,394330,3432,9839,738.5,489.5,2023,5.95238095238095,1.9390841839849131,2.1330387276888136,0,0,0,3,87,1.1126457084993011,4.84,-1.43
395697_2023,395697,1267,6063,740.5,516.5,2023,5.95238095238095,1.9390841839849131,0.5562086296138083,NA,NA,NA,39,24,0.9930143417714697,4.8,-1.3
414343_2023,414343,7539,2761,768.5,402.5,2023,2.23214285714286,1.1731453405306773,1.1731453405306773,0,0,0,0,94,0.8030105939612752,5,-1.8
439727_2023,439727,3690,4589,806.5,326.5,2023,7.44047619047619,2.1330387276888136,0,NA,NA,NA,0,100,0.7558344675037045,5.15,-2.07
444527_2023,444527,9287,8395,813.5,436.5,2023,2.97619047619048,1.3803241941333877,0,0,0,0,11,29,0.3654719269874799,4.96,-2
453847_2023,453847,4249,7304,827.5,376.5,2023,6.69642857142857,2.040756399368598,1.3803241941333877,0,0,0.6737290947028439,8,5,0.3106676206404758,5.13,-1.57
91015_2024,91015,5709,7514,285.5,684.5,2024,2.97619047619048,1.3803241941333877,0.9115174531214981,0,0,0,3,97,0.7455173912424863,5.47,0.8
151002_2024,151002,6837,8066,375.5,371.5,2024,3.7202380952381,1.55185924223159,1.1731453405306773,0,0,0,0,74,0.2122865065534519,5.01,0.13
195133_2024,195133,799,6438,441.5,282.5,2024,7.44047619047619,2.1330387276888136,2.040756399368598,0,0,0,2,98,0.2100960624900862,5.02,0.33
205813_2024,205813,9839,5191,457.5,242.5,2024,2.97619047619048,1.3803241941333877,0,0,0,0,0,0,0.21040759000850653,5.06,0.47
207150_2024,207150,9124,5191,459.5,239.5,2024,2.97619047619048,1.3803241941333877,0.9115174531214981,0,0,0,31,24,0.7347118216259276,5.05,0.43
216329_2024,216329,965,313,472.5,708.5,2024,4.46428571428571,1.6982334112172308,NA,0,0,NA,0,100,0.6080689973972412,5.28,0.07
218529_2024,218529,4383,5480,476.5,228.5,2024,2.97619047619048,1.3803241941333877,0,0.961538461538462,0.6737290947028439,1.7591832987934426,3,97,0.20982904210339942,5.13,0.27
249581_2024,249581,4990,6134,522.5,460.5,2024,10.4166666666667,2.4350742760401274,0.5562086296138083,0,0,0,0,100,0.5205689221636367,4.94,-0.47
261577_2024,261577,6698,4364,540.5,396.5,2024,2.23214285714286,1.1731453405306773,0,0,0,0,0,100,0.9690501232740976,5,-0.5
301247_2024,301247,6111,8781,599.5,536.5,2024,2.23214285714286,1.1731453405306773,0,0,0,0,7,48,0.21103308468739038,4.98,-0.8
305217_2024,305217,8322,8864,605.5,486.5,2024,5.95238095238095,1.9390841839849131,NA,0,0,NA,0,100,0.6651198717063341,4.99,-0.63
306341_2024,306341,9392,8423,607.5,270.5,2024,2.97619047619048,1.3803241941333877,0.9115174531214981,2.88461538461539,1.3570239788197789,1.5781853689299967,0,86,0.20848482311777614,5.25,-0.67
336491_2024,336491,7030,5512,652.5,270.5,2024,4.46428571428571,1.6982334112172308,0.9115174531214981,2.88461538461539,1.3570239788197789,1.072636802264848,0,100,0.9745180892371217,5.08,-0.37
346601_2024,346601,7834,3579,667.5,330.5,2024,5.95238095238095,1.9390841839849131,0.9115174531214981,0,0,0,0,100,0.5088129593118481,4.98,-1.2
371102_2024,371102,6276,4064,703.5,711.5,2024,2.97619047619048,1.3803241941333877,0,0,0,0,28,0,0.21405364013584413,5.14,-2.5
394330_2024,394330,3432,9839,738.5,489.5,2024,4.46428571428571,1.6982334112172308,1.9390841839849131,0,0,0,3,87,0.8550666091170995,5.08,-1.27
395160_2024,395160,3574,6657,739.5,649.5,2024,2.23214285714286,1.1731453405306773,0.5562086296138083,0,0,0.6737290947028439,91,1,0.3627744520906059,5.06,-2.4
395697_2024,395697,1267,6063,740.5,516.5,2024,2.23214285714286,1.1731453405306773,1.9390841839849131,0,0,NA,35,18,0.210470141023198,5.08,-1.2
431329_2024,431329,6052,2426,793.5,638.5,2024,2.97619047619048,1.3803241941333877,NA,0.961538461538462,0.6737290947028439,NA,8,91,0.8202001173825904,5.11,-2.4
433813_2024,433813,6332,5770,797.5,442.5,2024,3.7202380952381,1.55185924223159,0,0,0,0,3,87,0.21326842958572692,5.01,-1.7
439727_2024,439727,3690,4589,806.5,326.5,2024,3.7202380952381,1.55185924223159,2.1330387276888136,0,0,NA,0,100,0.807809556563419,5.12,-1.47
444527_2024,444527,9287,8395,813.5,436.5,2024,2.23214285714286,1.1731453405306773,1.3803241941333877,3.84615384615385,1.5781853689299967,0,0,11,0.6549925876927571,4.96,-1.7
453847_2024,453847,4249,7304,827.5,376.5,2024,4.46428571428571,1.6982334112172308,2.040756399368598,0,0,0,2,1,0.713716325158682,5.09,-1.1
455853_2024,455853,2910,2223,830.5,372.5,2024,2.23214285714286,1.1731453405306773,0,0,0,0,0,88,0.7981860877411505,5.11,-1.2
